,id,name,river,survey,date,description,x,y,x_epsg4326,y_epsg4326,bed_elevation_wgs84,bed_elevation_dhhn,coord_system,pos_rel_WB,discharge,wl_m,wl_model_m,algae_cover,imbrication,bed_slope,meas_station,id_x,dp_position,sediment_depth_m_x,idoc_mgl,temp_c,idoc_sat,H_m_x,id_y,sediment_depth_m_y,kf_ms,slurp_rate_avg_mls,H_m_y,id_hyd,sample_id,v_x_ms,v_y_ms,v_z_ms,kt,kt_2d,v_bulk,water_temperature,operator_name,comment,ship_influence,id_subsurf,sample_id_subsurf,sampling_method,operator_name_subsurf,dm,dg,fi,std_grain,geom_std_grain,skewness,kurtosis,cu,cc,n_carling,n_wu_wang,n_wooster,n_frings,n_user,d10,d16,d25,d30,d50,d60,d75,d84,d90,so,comment_subsurf,percent_finer_250mm,percent_finer_125mm,percent_finer_63mm,percent_finer_31_5mm,percent_finer_16mm,percent_finer_8mm,percent_finer_4mm,percent_finer_2mm,percent_finer_1mm,percent_finer_0_5mm,percent_finer_0_25mm,percent_finer_0_125mm,percent_finer_0_063mm,percent_finer_0_031mm
0,4855.0,A1 After flushing,fish pass (Simbach am Inn),After flushing 2022,2022-02-08,,13.1539415116375,48.2903022363991,13.1539415116375,48.2903022363991,,,epsg:4326,,,0.255,,No,No,0.0047,A1 After flushing,7381.5,8.909090909090908,0.292,11.45,3.2299999999999995,88.304,0.44000000000000006,8345.0,0.31333333333333335,0.0004227128897472589,2.988888888888889,,,,,,,,,,,,,,1081.0,A1 AfterFlush,FC,Kunz,23.9740793225717,4.43460640666518,0.403213572854291,,2.97877197268787,2.320901605,8.37441373,81.3013618013664,3.89911002409866,0.237534151,0.251915066,0.159179467231387,0.178957885,,0.240945512820512,0.403213572854291,2.27881040892193,4.28993288590603,13.320341047503,19.5891983122362,30.3685654008438,48.7724999999999,62.7290322580645,10.9981575651663,,100.0,100.0,90.1164907171459,76.5744448489261,55.0054605023662,40.0618856934838,29.2136876592646,24.3174372042227,21.9512195121951,19.5303967965052,10.4113578449217,4.73243538405533,1.80196578085183,0.0
1,4856.0,A1 Before flushing,fish pass (Simbach am Inn),Before flushing 2022,2022-02-01,,13.1539491832501,48.2903057568526,13.1539491832501,48.2903057568526,,,epsg:4326,,,0.33,,No,No,0.0047,A1 Before flushing,7349.5,11.125,0.23625000000000002,7.278333333333333,3.1333333333333333,55.830000000000005,0.45,8337.0,0.24,0.00010447426954127415,0.7451285714285715,,,,,,,,,,,,,,1078.0,A1 BeforeFlush,FC,Kunz,17.7585062170773,2.80691851916099,0.211962151394422,,3.22702919916891,3.478376916,24.92704806,109.442850101437,0.593852714233759,0.25221837,0.258523959,0.142106778731014,0.172591426,,0.137798804780876,0.211962151394422,0.443421052631578,1.11090909090909,10.359096313912,15.0810939357907,26.6511134676564,37.1707473309608,48.2999999999999,13.2425459012153,,100.0,100.0,97.9250604351329,80.9427880741337,61.9460112812248,45.0040290088638,36.0999194198227,31.970185334407695,29.754230459307003,26.732473811442304,19.0773569701853,8.96454472199838,3.56567284448025,0.0
2,4857.0,A2 After flushing,fish pass (Simbach am Inn),After flushing 2022,2022-02-08,,13.1540127570227,48.2903060317946,13.1540127570227,48.2903060317946,,,epsg:4326,,,0.425,,No,No,0.0047,A2 After flushing,7390.5,11.125,0.20625,8.225714285714286,3.585714285714286,63.50285714285714,0.48,8361.5,0.20625,0.00023322949321504075,1.847525,,,,,,,,,,,,,,1082.0,A2 AfterFlush,FC,Kunz,14.1619739564872,2.43199824789823,0.211574279379157,,3.10783495432791,5.226151708,55.51382559,104.526740637701,0.580147932855831,0.258702225,0.261442017,0.150062294988376,0.181465164,,0.124554491017964,0.211574279379157,0.434457964601769,0.969934640522875,9.30857648099027,13.0192749778956,21.216620626151,27.9552670349907,35.0390862944162,11.4947726870897,,100.0,100.0,100.0,88.7342737323675,68.0327868852459,46.473503621807,37.7430423179565,32.8440716736561,30.175371711780404,27.2588638963019,18.6427754479603,10.0457491422035,3.67899351887152,0.0
3,4858.0,A2 Before flushing,fish pass (Simbach am Inn),Before flushing 2022,2022-02-01,,13.1540077713729,48.2903048722565,13.1540077713729,48.2903048722565,,,epsg:4326,,,0.24,,No,No,0.0047,A2 Before flushing,7357.0,11.125,0.3228571428571429,4.905714285714287,3.942857142857143,38.51428571428572,0.38,8353.5,0.30625,4.425375849040091e-05,0.2995625,0.38,,,,,,,,,,,,,1079.0,A2 BeforeFlush,FC,Kunz,14.8781824174941,2.37006884707443,0.190572337042925,,3.23453757415227,4.265054507,35.3566171,99.8146194881952,0.136920797169142,0.268273621,0.265749473,0.141619999479158,0.179247989,,0.12443027027027,0.190572337042925,0.338157894736842,0.459999999999999,7.98329853862213,12.4199600798403,21.8619842829076,29.4755599214145,40.8658753709199,12.436583839241,,100.0,100.0,98.5241180705543,86.3930885529157,68.0705543556515,50.0359971202303,41.4146868250539,37.1850251979841,34.5392368610511,31.6414686825054,21.3822894168466,10.0611951043916,3.40172786177105,0.0
4,4859.0,A1 March 2022,fish pass (Simbach am Inn),March 2022,2022-03-30,,,,,,,,,,,0.43,,Blank,Blank,0.0047,A1 March 2022,7419.0,10.333333333333334,0.22999999999999998,10.067777777777778,10.18888888888889,94.6888888888889,0.48000000000000004,,,,,,,,,,,,,,,,,,,,,,,,,,,,,,,,,,,,,,,,,,,,,,,,,,,,,,,,,,,,
5,4860.0,A2 March 2022,fish pass (Simbach am Inn),March 2022,2022-03-31,,,,,,,,,,,0.64,,Blank,Blank,0.0047,A2 March 2022,7427.5,11.125,0.11624999999999999,10.304285714285713,10.214285714285714,96.96571428571428,0.57,,,,,,,,,,,,,,,,,,,,,,,,,,,,,,,,,,,,,,,,,,,,,,,,,,,,,,,,,,,,
6,4861.0,B1 March 2022,fish pass (Simbach am Inn),March 2022,2022-04-01,,,,,,,,,,,0.32,,Blank,Blank,0.0047,B1 March 2022,7436.5,9.5,0.215,12.239,10.45,115.215,0.52,,,,,,,,,,,,,,,,,,,,,,,,,,,,,,,,,,,,,,,,,,,,,,,,,,,,,,,,,,,,
7,4862.0,B2 March 2022,fish pass (Simbach am Inn),March 2022,2022-04-02,,,,,,,,,,,0.49,,Blank,Blank,0.0047,B2 March 2022,7446.5,9.5,0.205,11.987,10.78,113.61800000000001,0.53,,,,,,,,,,,,,,,,,,,,,,,,,,,,,,,,,,,,,,,,,,,,,,,,,,,,,,,,,,,,
8,4863.0,Aich 1,Aich,2018,2018-01-01,,9.168185,48.634335,9.168185,48.634335,,,epsg:4326,,,0.05,,Blank,Blank,0.0054,Aich 1,6754.0,8.0,0.26999999999999996,5.753,10.223333333333333,53.87466666666667,0.5,7713.0,0.26999999999999996,0.0007416950270005436,3.1480952380952383,0.5,,,,,,,,,,,,,1032.0,Aich 1,FC,Seitz,8.44,3.11,0.72,,2.39,,,20.72,0.41,,,0.20832535866621324,,0.46435382984773277,0.34,0.47,0.79,,3.34,7.02,14.87,20.66,24.73,6.630041237315997,,,,,,,,,43.2,30.5,17.5,,,,
9,4864.0,Aich 2,Aich,2018,2018-01-01,,9.168185,48.634335,9.168185,48.634335,,,epsg:4326,,,0.2,,Blank,Blank,0.0054,Aich 2,6769.0,8.0,0.32000000000000006,2.2585714285714285,11.042307692307693,21.799999999999997,0.46,7728.0,0.32000000000000006,0.00023842587380886845,1.9131746031746033,0.46,,,,,,,,,,,,,1033.0,Aich 2,FC,Seitz,11.03,2.98,0.54,,2.89,,,20.27,0.53,,,0.16576996626526205,,0.47678929153157734,0.2,0.32,0.5,,1.91,4.0,15.01,27.81,39.72,9.32235217099204,,,,,,,,,50.8,41.8,25.1,,,,
10,4865.0,Aich 3,Aich,2018,2018-01-01,,9.168185,48.634335,9.168185,48.634335,,,epsg:4326,,,0.08,,Blank,Blank,0.0054,Aich 3,6784.0,8.0,0.16500000000000004,7.718999999999999,10.614285714285714,73.457,0.69,7743.0,0.16500000000000004,0.004003406577677217,10.965,0.69,,,,,,,,,,,,,1034.0,Aich 3,FC,Seitz,11.45,3.43,0.66,,2.62,,,21.06,0.26,,,0.1875397985712708,,0.2994077373560129,0.34,0.44,0.65,,2.82,7.12,17.72,26.7,34.87,7.789853540460063,,,,,,,,,47.199999999999996,37.5,19.5,,,,
11,4866.0,Aich 4,Aich,2018,2018-01-01,,9.168185,48.634335,9.168185,48.634335,,,epsg:4326,,,0.17,,Blank,Blank,0.0054,Aich 4,6709.0,8.0,0.22999999999999995,9.354666666666667,10.675,88.53466666666667,0.55,7758.0,0.22999999999999995,0.001459632717653831,8.243703703703703,0.55,,,,,,,,,,,,,1035.0, Aich 4,FC,Seitz,8.45,3.66,0.91,,2.31,,,14.72,0.41,,,0.2160826734553441,,0.3286739126612481,0.46,0.65,0.91,,3.38,6.79,14.81,20.67,24.73,5.639148871948674,,,,,,,,,42.9,28.1,11.0,,,,
12,4867.0,B1 After flushing,fish pass (Simbach am Inn),After flushing 2022,2022-02-08,,13.1546075764881,48.2906615365795,13.1546075764881,48.2906615365795,,,epsg:4326,,,0.3,,Blank,Blank,0.0047,B1 After flushing,7399.5,9.6,0.282,13.456,5.01,107.78099999999999,0.45,8377.5,0.23625000000000002,0.0033627967610754634,15.3975,0.45,,,,,,,,,,,,,1080.0,B1 AfterFlush,FC,Kunz,20.0770924022251,8.3221302401868,1.85290322580645,,2.36162776160156,3.763550369,30.50246504,44.0086787242348,6.4083320838226,0.233671453,0.250176537,0.211044116567935,0.209980562,,0.43217270194986,1.85290322580645,5.39181286549707,7.25769980506822,14.2633969118982,19.0193495934959,28.0660569105691,37.3780188679245,48.044929245283,4.49140037335987,,100.0,100.0,98.4120351023819,80.6936899289594,54.9937317175094,31.9891349770163,21.2703719180944,16.3811115754283,13.7902214793146,12.0351023819473,4.53405766819891,1.56707062264939,0.689511073965733,0.0
13,4868.0,B1 Before flushing,fish pass (Simbach am Inn),Before flushing 2022,2022-02-01,,13.1546081424267,48.2906584943073,13.1546081424267,48.2906584943073,,,epsg:4326,,,0.31,,Blank,Blank,0.0047,B1 Before flushing,7364.5,11.125,0.23625000000000002,12.1375,3.025,94.025,0.45,8369.5,0.23625000000000002,0.002230284945103626,16.0675,,,,,,,,,,,,,,1073.0,B1 BeforeFlush,FC,Kunz,25.9095335390953,10.1455353933643,2.09296442687746,,2.48590182113797,2.374737338,9.221029314,52.581724456539,6.93066727777907,0.224381248,0.245995104,0.199392241924775,0.201601546,,0.429156479217603,2.09296442687746,6.025390625,8.19257849666983,16.8838167435728,22.5657877389584,31.0887442320369,49.1799512195121,61.9973780487804,4.84744760258569,,100.0,100.0,90.4693400467541,75.7237906851285,48.4445243661212,29.545045855062,20.3380686926811,15.7885272433015,13.6486243481388,12.0841575256248,4.72936522208235,1.36666067254091,0.521488940837978,0.0
14,4869.0,B2 After flushing,fish pass (Simbach am Inn),After flushing 2022,2022-02-08,,13.1545887477998,48.2907021081614,13.1545887477998,48.2907021081614,,,epsg:4326,,,0.255,,Blank,Blank,0.0047,B2 After flushing,7409.5,9.5,0.315,12.479000000000001,4.71,100.286,0.42000000000000004,8396.5,0.315,0.0032023905497540785,19.725,0.42000000000000004,,,,,,,,,,,,,1074.0,B2 AfterFlush,FC,Kunz,20.8915748922994,4.41171863636467,0.481461538461538,,2.59163785181146,1.702961969,3.968736762,59.306051472293,6.22679900129835,0.23006444,0.248553068,0.189986417669575,0.201356759,,0.349230769230769,0.481461538461538,4.75213675213675,6.71111111111111,15.2179034157832,20.7114979757085,29.3412955465587,40.4253710247349,50.630035335689,9.16317978474848,,100.0,100.0,97.2731239092495,78.7521815008726,51.8106457242582,33.2897033158813,23.0802792321116,19.6553228621291,18.0846422338568,16.8411867364746,5.49738219895287,1.67975567190226,0.676265270506108,0.0
15,4870.0,B2 Before flushing,fish pass (Simbach am Inn),Before flushing 2022,2022-02-01,,13.1545943892197,48.2906970934965,13.1545943892197,48.2906970934965,,,epsg:4326,,,0.3,,Blank,Blank,0.0047,B2 Before flushing,7372.5,9.5,0.23625000000000002,12.50625,3.3125,96.22875,0.45,8386.5,0.28500000000000003,0.004999343245055428,27.176,0.45,,,,,,,,,,,,,1075.0,B2 BeforeFlush,FC,Kunz,19.6182940377626,5.38006974951478,0.840204081632653,,2.53224150175062,3.912489316,33.25073536,56.4130425201659,6.45521012627467,0.231297882,0.249108226,0.195214063037504,0.202443909,,0.350767543859649,0.840204081632653,4.6509945750452,6.69367088607595,14.883046237534,19.7878643664485,27.5996430696014,34.4501427003293,46.1677277716794,6.40328923308778,,100.0,100.0,98.6189801699716,82.4893767705382,52.7266288951841,33.1975920679886,23.4065155807365,18.6791784702549,16.5545325779036,14.8194050991501,6.74575070821529,2.21317280453257,0.938385269121813,0.0
16,4871.0,Eyach 1,Eyach,2018,2018-01-01,,8.791721,48.381194,8.791721,48.381194,,,epsg:4326,,,0.19,,Blank,Blank,0.0091,Eyach 1,6799.0,8.0,0.24999999999999997,7.617333333333334,18.376666666666665,84.42666666666668,0.53,8088.0,0.24999999999999997,0.0037066044111695373,18.91464285714286,0.53,,,,,,,,,,,,,1057.0,Eyach 1,FC,Seitz,24.22,12.72,5.81,,2.16,,,22.29,3.39,,,0.23141464048716728,,0.2777310864086493,1.21,3.43,8.0,,21.15,26.9,38.39,47.25,53.15,3.7115374447904514,,,,,,,,,12.8,9.3,5.3,,,,
17,4872.0,Eyach 2,Eyach,2018,2018-01-01,,8.791721,48.381194,8.791721,48.381194,,,epsg:4326,,,0.22,,Blank,Blank,0.0091,Eyach 2,6814.0,8.0,0.25999999999999995,9.693333333333333,18.66,108.07,0.52,8103.0,0.25999999999999995,0.007099251088338999,43.72133333333333,0.52,,,,,,,,,,,,,1058.0,Eyach 2,FC,Seitz,21.67,11.31,5.48,,1.95,,,15.87,2.6,,,0.2547241212188938,,0.2620832668564763,1.49,3.12,7.16,,18.98,23.6,30.53,40.99,49.24,3.6246131535407353,,,,,,,,,18.6,12.7,7.3999999999999995,,,,
18,4873.0,Eyach 3,Eyach,2018,2018-01-01,,8.791721,48.381194,8.791721,48.381194,,,epsg:4326,,,0.25,,Blank,Blank,0.0091,Eyach 3,6829.0,8.0,0.23999999999999994,9.022666666666668,17.60666666666667,98.16000000000001,0.5400000000000001,8118.0,0.23999999999999994,0.007898151954412864,51.559777777777775,0.5400000000000001,,,,,,,,,,,,,1059.0,Eyach 3,FC,Seitz,22.81,11.01,3.9,,2.09,,,19.12,1.31,,,0.2389372779021649,,0.285948009825554,1.32,2.51,5.02,,15.23,25.2,40.03,48.3,53.81,4.386687575887553,,,,,,,,,14.000000000000002,8.1,2.9000000000000004,,,,
19,4874.0,Eyach 4,Eyach,2018,2018-01-01,,8.791721,48.381194,8.791721,48.381194,,,epsg:4326,,,0.17,,Blank,Blank,0.0091,Eyach 4,6844.0,8.0,0.25999999999999995,7.537999999999999,17.58,81.98066666666666,0.52,8133.0,0.25999999999999995,0.005668172220342284,23.897222222222222,0.52,,,,,,,,,,,,,1060.0,Eyach 4,FC,Seitz,25.87,14.5,6.7,,2.19,,,23.73,3.63,,,0.22826359553601772,,0.2979182234057026,1.25,4.26,8.91,,23.32,29.59,41.69,49.36,54.48,3.4039468944291564,,,,,,,,,11.799999999999999,9.4,5.7,,,,
20,4875.0,Glatt 1,Glatt,2018,2018-01-01,,8.644655,48.394786,8.644655,48.394786,,,epsg:4326,,,0.23,,Blank,Blank,0.0092,Glatt 1,6859.0,8.0,0.23999999999999994,8.812000000000001,13.586666666666668,88.61,0.5400000000000001,8148.0,0.23999999999999994,0.004155262212126643,19.657777777777778,0.5400000000000001,,,,,,,,,,,,,1061.0,Glatt 1,FC,Seitz,10.63,4.14,1.17,,2.28,,,23.9,0.95,,,0.2190655679270774,,0.2835908126489416,0.49,0.74,1.46,,7.62,11.6,18.29,23.04,26.21,5.579886659703325,,,,,,,,,28.599999999999998,22.0,10.299999999999999,,,,
21,4876.0,Glatt 2,Glatt,2018,2018-01-01,,8.644655,48.394786,8.644655,48.394786,,,epsg:4326,,,0.29,,Blank,Blank,0.0092,Glatt 2,6874.0,8.0,0.29,9.145000000000001,13.84,92.79333333333334,0.49,8163.0,0.29,0.003335896386548398,20.657333333333334,0.49,,,,,,,,,,,,,1062.0,Glatt 2,FC,Seitz,25.24,9.4,3.65,,2.26,,,36.66,3.54,,,0.22107700548469802,,0.21063410206389865,0.82,1.78,6.36,,22.57,29.96,42.23,49.71,54.69,5.284597079450318,,,,,,,,,16.8,13.100000000000001,4.6,,,,
22,4877.0,Glatt 3,Glatt,2018,2018-01-01,,8.644655,48.394786,8.644655,48.394786,,,epsg:4326,,,0.37,,Blank,Blank,0.0092,Glatt 3,6889.0,8.0,0.16466666666666668,5.475833333333333,16.035833333333333,58.1625,0.62,8178.0,0.16466666666666668,0.0035035382645157106,22.622083333333332,0.62,,,,,,,,,,,,,1063.0,Glatt 3,FC,Seitz,25.38,11.59,4.51,,2.4,,,44.07,3.75,,,0.20737548389413227,,0.18557120369293978,0.69,2.69,6.42,,22.76,30.29,42.49,49.87,54.8,4.305697789818634,,,,,,,,,14.2,12.3,8.6,,,,
23,4878.0,Glatt 4,Glatt,2018,2018-01-01,,8.644655,48.394786,8.644655,48.394786,,,epsg:4326,,,0.31,,Blank,Blank,0.0092,Glatt 4,6904.0,8.0,0.21999999999999992,7.198666666666667,16.89,78.462,0.56,8193.0,0.21999999999999992,0.002853280552565466,16.980666666666664,0.56,,,,,,,,,,,,,1064.0,Glatt 4,FC,Seitz,17.11,4.62,0.99,,2.7,,,44.8,1.49,,,0.18080716596475965,,0.3045930065930015,0.34,0.55,1.27,,10.61,15.13,27.76,38.82,47.89,8.401298600919871,,,,,,,,,27.6,24.0,15.1,,,,
24,4879.0,Glatt 5,Glatt,2018,2018-01-01,,8.644655,48.394786,8.644655,48.394786,,,epsg:4326,,,0.06,,Blank,Blank,0.0092,Glatt 5,6919.0,8.0,0.21999999999999992,8.516,14.17,86.68,0.56,8208.0,0.21999999999999992,0.009072014104456377,34.09230769230769,0.56,,,,,,,,,,,,,1065.0,Glatt 5,FC,Seitz,18.98,7.4,3.02,,2.07,,,23.69,2.89,,,0.2411311754609452,,0.20798951006759303,0.82,1.48,4.72,,14.52,19.54,28.23,36.96,46.73,4.997296566441998,,,,,,,,,18.6,13.600000000000001,3.3000000000000003,,,,
25,4880.0,Glatt 6,Glatt,2018,2018-01-01,,8.644655,48.394786,8.644655,48.394786,,,epsg:4326,,,0.04,,Blank,Blank,0.0092,Glatt 6,6934.0,8.0,0.23999999999999994,10.639333333333333,14.770000000000001,109.78999999999999,0.5400000000000001,8223.0,0.23999999999999994,0.012276364550584198,32.18344444444445,0.5400000000000001,,,,,,,,,,,,,1066.0,Glatt 6,FC,Seitz,20.49,7.56,2.28,,2.18,,,25.39,1.44,,,0.22930914743401767,,0.1776389703055652,0.83,1.28,3.11,,14.24,21.14,34.3,44.63,51.52,5.904844409465841,,,,,,,,,21.6,13.8,2.4,,,,
26,4881.0,Glems 1,Glems,2018,2018-01-01,,9.069512,48.756649,9.069512,48.756649,,,epsg:4326,,,0.25,,Blank,Blank,0.0054,Glems 1,6949.0,8.0,0.21999999999999992,3.6199999999999997,14.629999999999999,36.019999999999996,0.56,7938.0,0.21999999999999992,0.000567103657980251,2.920444444444444,0.56,,,,,,,,,,,,,1047.0,Glems 1,FC,Seitz,0.97,0.43,0.24,,1.5,,,3.9,1.06,,,0.3128835516731669,,0.41211043979335327,0.15,0.19,0.26,,0.45,0.57,0.82,0.98,1.74,2.2710998958306754,,,,,,,,,91.7,85.3,55.300000000000004,,,,
27,4882.0,Glems 2,Glems,2018,2018-01-01,,9.069512,48.756649,9.069512,48.756649,,,epsg:4326,,,0.15,,Blank,Blank,0.0054,Glems 2,6964.0,8.0,0.23999999999999994,1.032,14.78,10.643333333333334,0.5400000000000001,7953.0,0.23999999999999994,0.0008293275168577354,4.186,0.5400000000000001,,,,,,,,,,,,,1048.0,Glems 2,FC,Seitz,15.37,3.45,0.55,,2.88,,,31.43,0.2,,,0.16652926869565196,,0.30349921070233143,0.29,0.39,0.57,,3.4,9.22,22.11,30.7,46.6,8.872313605703347,,,,,,,,,45.9,37.6,23.0,,,,
28,4883.0,Glems 3,Glems,2018,2018-01-01,,9.069512,48.756649,9.069512,48.756649,,,epsg:4326,,,0.18,,Blank,Blank,0.0054,Glems 3,6979.0,8.0,0.24999999999999997,1.0346666666666666,15.925333333333333,10.898666666666667,0.53,7968.0,0.24999999999999997,0.00024339779243731435,1.040888888888889,0.53,,,,,,,,,,,,,1049.0,Glems 3,FC,Seitz,5.03,1.46,0.34,,2.61,,,6.45,0.72,,,0.18839881681238047,,0.38301733493302614,0.15,0.19,0.27,,0.61,0.96,5.0,10.92,15.67,7.581140033697196,,,,,,,,,66.9,61.1,46.9,,,,
29,4884.0,Glems 4,Glems,2018,2018-01-01,,9.069512,48.756649,9.069512,48.756649,,,epsg:4326,,,0.09,,Blank,Blank,0.0054,Glems 4,6994.0,8.0,0.28,2.9993333333333334,16.232666666666667,32.14333333333333,0.5,7983.0,0.28,0.0010236751353587792,3.752222222222222,0.5,,,,,,,,,,,,,1050.0,Glems 4,FC,Seitz,4.45,1.69,0.64,,2.12,,,6.02,0.91,,,0.23568380136502773,,0.37478010857567023,0.27,0.38,0.55,,1.05,1.65,3.82,7.43,12.46,4.421835770236991,,,,,,,,,65.8,49.2,22.400000000000002,,,,
30,4885.0,Glems 5,Glems,2018,2018-01-01,,9.069512,48.756649,9.069512,48.756649,,,epsg:4326,,,0.09,,Blank,Blank,0.0054,Glems 5,7009.0,8.0,0.28,2.1546666666666665,16.897333333333332,23.398666666666667,0.5,7998.0,0.28,0.0003266571755218178,1.985,0.5,,,,,,,,,,,,,1051.0,Glems 5,FC,Seitz,1.75,0.75,0.35,,1.77,,,5.13,1.01,,,0.2765636744890997,,0.4042352310926578,0.17,0.24,0.33,,0.67,0.86,1.52,2.36,3.45,3.13581462037113,,,,,,,,,82.0,67.4,41.4,,,,
31,4886.0,Glems 6,Glems,2018,2018-01-01,,9.069512,48.756649,9.069512,48.756649,,,epsg:4326,,,0.07,,Blank,Blank,0.0054,Glems 6,6724.0,8.0,0.22999999999999995,2.716666666666667,14.782666666666668,28.14333333333333,0.55,8013.0,0.22999999999999995,0.0017765992172394096,4.432777777777777,0.55,,,,,,,,,,,,,1052.0, Glems 6,FC,Seitz,9.98,2.91,0.52,,2.7,,,17.94,0.41,,,0.18080716596475965,,0.4312738122268276,0.25,0.35,0.51,,1.96,4.49,15.65,24.08,29.73,8.294576541331088,,,,,,,,,50.4,39.6,24.7,,,,
32,4887.0,Lein 1 1-2,Lein,2018,2018-01-01,,,,,,,,epsg:4326,,,0.15,,Blank,Blank,0.0031,Lein 1 1-2,7024.0,8.0,0.22999999999999995,2.348666666666667,14.579333333333333,24.308666666666667,0.55,8028.0,0.22999999999999995,0.002620964412363315,10.109333333333332,0.55,,,,,,,,,,,,,1053.0,Lein 1 1-2,FC,Seitz,15.27,4.31,0.72,,2.8,,,34.88,0.15,,,0.1727302418616011,,0.2615779961799619,0.38,0.51,0.73,,6.25,13.08,26.07,36.6,46.5,8.471405189362208,,,,,,,,,41.199999999999996,36.1,15.7,,,,
33,4888.0,Lein 2 1-1,Lein,2018,2018-01-01,,,,,,,,epsg:4326,,,0.24,,Blank,Blank,0.0031,Lein 2 1-1,7039.0,8.0,0.26999999999999996,2.5253333333333337,14.586666666666668,26.037333333333333,0.51,8043.0,0.26999999999999996,0.0012742546312124123,6.675222222222222,0.51,,,,,,,,,,,,,1054.0,Lein 2 1-1,FC,Seitz,18.05,5.32,0.88,,2.87,,,38.04,0.22,,,0.16729204907921866,,0.26278793905104847,0.43,0.64,0.92,,9.09,16.32,33.42,44.07,51.17,8.298154915401375,,,,,,,,,37.4,27.6,11.4,,,,
34,4889.0,Lein 3,Lein,2018,2018-01-01,,,,,,,,epsg:4326,,,0.27,,Blank,Blank,0.0031,Lein 3,7054.0,8.0,0.17333333333333334,2.8264285714285715,14.265714285714285,29.005714285714284,0.61,8058.0,0.17333333333333334,0.0016637772715327782,10.0935,0.61,,,,,,,,,,,,,1055.0,Lein 3,FC,Seitz,10.13,4.33,1.16,,2.28,,,6.68,0.63,,,0.2190655679270774,,0.29761902894296666,0.61,0.79,1.06,,2.18,4.1,14.86,23.85,30.04,5.494531228205143,,,,,,,,,49.0,23.400000000000002,6.0,,,,
35,4890.0,Lein 4 3-2,Lein,2018,2018-01-01,,,,,,,,epsg:4326,,,0.39,,Blank,Blank,0.0031,Lein 4 3-2,7069.0,8.0,0.23999999999999994,3.552,14.612,35.46666666666667,0.5400000000000001,8073.0,0.23999999999999994,0.000849420919417518,6.208222222222222,0.5400000000000001,,,,,,,,,,,,,1056.0,Lein 4 3-2,FC,Seitz,10.71,1.69,0.2,,3.33,,,63.16,0.28,,,0.13557446979518825,,0.3755258908363093,0.07,0.11,0.2,,2.08,4.42,14.6,26.69,38.17,15.576789259547798,,,,,,,,,49.6,42.8,36.4,,,,
36,4891.0,Rems 1,Rems,2018,2018-01-01,,9.590109,48.79825,9.590109,48.79825,,,epsg:4326,,,0.22,,Blank,Blank,0.0044,Rems 1,7084.0,8.0,0.23999999999999994,10.355333333333332,11.318000000000001,98.47800000000001,0.5400000000000001,7773.0,0.23999999999999994,0.005053506375301457,35.84111111111111,0.5400000000000001,,,,,,,,,,,,,1036.0,Rems 1,FC,Seitz,22.7,14.46,7.4,,1.95,,,11.9,2.25,,,0.2547241212188938,,0.23975728432563992,2.03,4.78,8.63,,18.92,24.2,32.94,43.76,50.98,3.0256919399504585,,,,,,,,,9.9,7.9,5.1,,,,
37,4892.0,Rems 2,Rems,2018,2018-01-01,,9.590109,48.79825,9.590109,48.79825,,,epsg:4326,,,0.28,,Blank,Blank,0.0044,Rems 2,7099.0,8.0,0.26999999999999996,9.967333333333332,11.91,96.19,0.51,7788.0,0.26999999999999996,0.004490638734084715,34.829166666666666,0.51,,,,,,,,,,,,,1037.0,Rems 2,FC,Seitz,22.26,8.24,3.07,,2.18,,,26.61,2.83,,,0.22930914743401767,,0.23892986114832293,0.87,1.52,4.61,,17.09,23.19,33.25,44.73,52.37,5.4247241016430845,,,,,,,,,19.7,12.0,4.1000000000000005,,,,
38,4893.0,Rems 3,Rems,2018,2018-01-01,,9.590109,48.79825,9.590109,48.79825,,,epsg:4326,,,0.22,,Blank,Blank,0.0044,Rems 3,6739.0,8.0,0.23999999999999994,11.69,13.29,116.31533333333333,0.5400000000000001,7803.0,0.23999999999999994,0.005073968380875528,32.98694444444445,0.5400000000000001,,,,,,,,,,,,,1038.0, Rems 3,FC,Seitz,21.87,9.47,4.06,,2.11,,,23.53,2.92,,,0.23676334120696527,,0.25596001212141306,0.95,2.09,5.71,,16.61,22.38,31.03,42.98,51.39,4.53482009581807,,,,,,,,,15.8,10.5,5.0,,,,
39,4894.0,Rems 5,Rems,2018,2018-01-01,,9.590109,48.79825,9.590109,48.79825,,,epsg:4326,,,0.33,,Blank,Blank,0.0044,Rems 5,7114.0,8.0,0.25999999999999995,4.579285714285715,13.241428571428571,45.637142857142855,0.52,7818.0,0.25999999999999995,0.003777312362647293,29.567619047619047,0.52,,,,,,,,,,,,,1039.0,Rems 5,FC,Seitz,22.9,9.65,4.29,,2.01,,,22.0,3.17,,,0.2478344745344525,,0.2578011644062279,1.07,2.08,6.5,,17.81,23.51,32.83,44.67,52.57,4.63421638882579,,,,,,,,,15.8,9.6,2.6,,,,
40,4895.0,Rems 6,Rems,2018,2018-01-01,,9.590109,48.79825,9.590109,48.79825,,,epsg:4326,,,0.28,,Blank,Blank,0.0044,Rems 6,7129.0,8.0,0.23999999999999994,8.517999999999999,13.616666666666667,83.97,0.5400000000000001,7833.0,0.23999999999999994,0.0010890967132115995,8.771309523809524,0.5400000000000001,,,,,,,,,,,,,1040.0,Rems 6,FC,Seitz,24.8,16.52,8.81,,2.0,,,14.2,3.21,,,0.2489696700290771,,0.26651618611005345,1.89,5.89,10.53,,22.14,26.89,37.02,46.37,52.61,2.8058270678722796,,,,,,,,,10.2,8.0,6.1,,,,
41,4896.0,Rems 7,Rems,2018,2018-01-01,,9.590109,48.79825,9.590109,48.79825,,,epsg:4326,,,0.25,,Blank,Blank,0.0044,Rems 7,7144.0,8.0,0.25999999999999995,7.548,14.251333333333333,75.24533333333333,0.52,7848.0,0.25999999999999995,0.002865825932595755,19.47119047619048,0.52,,,,,,,,,,,,,1041.0,Rems 7,FC,Seitz,23.0,13.74,7.06,,2.05,,,18.53,3.58,,,0.2433452171619066,,0.3150829088501008,1.33,4.25,8.97,,19.45,24.72,33.97,44.42,51.39,3.2329189142139576,,,,,,,,,12.3,8.9,5.8999999999999995,,,,
42,4897.0,RP After flushing,fish pass (Simbach am Inn),After flushing 2022,2022-02-08,,13.1523572607688,48.289806985663,13.1523572607688,48.289806985663,,,epsg:4326,,,0.17,,Blank,Blank,0.0047,RP After flushing,7338.0,9.5,0.274,12.158,4.206666666666667,96.31400000000001,0.45,8329.0,0.26,0.0038835360103612188,15.74888888888889,,,,,,,,,,,,,,1077.0,RP AfterFlush,FC,Kunz,17.1837712454461,3.92920583878626,0.487848410757946,,2.50590430900019,3.986751901,31.00970734,39.7250690268954,3.47262322889329,0.252408149,0.258609371,0.197577875454243,0.206760408,,0.35510391198044,0.487848410757946,2.69444444444444,4.17077363896848,10.3263707571801,14.1065274151436,24.1827554744525,31.6464257812499,45.0074707031249,8.05415320033871,,100.0,100.0,98.0798452824975,83.9342450614725,65.0089791407653,43.8458350600911,29.3825113966017,22.6688769167012,19.4916424920569,16.5492471335819,5.24934383202099,1.21563751899433,0.524934383202099,0.0
43,4898.0,RP Before flushing,fish pass (Simbach am Inn),Before flushing 2022,2022-02-01,,13.1523865817796,48.2898368530184,13.1523865817796,48.2898368530184,,,epsg:4326,,,0.115,,Blank,Blank,0.0047,RP Before flushing,7323.5,11.714285714285714,0.22999999999999998,12.090714285714286,3.8857142857142857,96.08571428571429,0.43857142857142856,8322.5,0.18,0.0001306496495117441,0.45352,,,,,,,,,,,,,,1076.0,RP BeforeFlush,FC,Kunz,15.1452609171099,4.92535429736893,0.79638795986622,,2.40006978970003,1.273301809,0.752588667,32.7040037201423,1.66953932613577,0.256490134,0.260446474,0.207368869988127,0.209530511,,0.409415584415584,0.79638795986622,1.62816646562123,3.02526315789473,9.65183246073298,13.3895287958115,22.8124999999999,30.4614285714285,41.6845023696682,6.18461672649634,,100.0,100.0,100.0,85.222019890741,66.9841714525844,45.5806135313069,30.6485502171172,29.3178316290797,17.7055610029415,13.517299341644398,3.81005743101274,0.938506793668581,0.42022692253817,0.0
44,4905.0,Wieslauf 1,Wieslauf,2018,2018-01-01,,9.556021,48.893043,9.556021,48.893043,,,epsg:4326,,,0.17,,Blank,Blank,0.012,Wieslauf 1,7159.0,8.0,0.23999999999999994,10.446153846153846,11.911538461538461,100.31153846153846,0.5400000000000001,7863.0,0.23999999999999994,0.0023715869137799044,11.221190476190475,0.5400000000000001,,,,,,,,,,,,,1042.0,Wieslauf 1,FC,Seitz,24.11,7.2,1.99,,2.46,,,44.96,1.54,,,0.20176649873713623,,0.2211178320478694,0.67,1.04,3.25,,19.82,30.1,42.62,49.95,54.85,6.930284709436269,,,,,,,,,21.6,15.8,7.000000000000001,,,,
45,4906.0,Wieslauf 2,Wieslauf,2018,2018-01-01,,9.556021,48.893043,9.556021,48.893043,,,epsg:4326,,,0.17,,Blank,Blank,0.012,Wieslauf 2,7174.0,8.0,0.295,10.26,12.065384615384614,98.93692307692308,0.485,7878.0,0.295,0.0016597257257112905,8.861759259259259,0.485,,,,,,,,,,,,,1043.0,Wieslauf 2,FC,Seitz,15.51,5.39,1.15,,2.48,,,22.4,0.37,,,0.19993075506700778,,0.2626290638964115,0.55,0.77,1.2,,6.07,12.27,26.25,37.8,47.25,7.006490497453706,,,,,,,,,35.8,22.3,8.7,,,,
46,4907.0,Wieslauf 3,Wieslauf,2018,2018-01-01,,9.556021,48.893043,9.556021,48.893043,,,epsg:4326,,,0.25,,Blank,Blank,0.012,Wieslauf 3,7189.0,8.0,0.26999999999999996,1.0876923076923077,11.563846153846155,10.23230769230769,0.51,7893.0,0.26999999999999996,0.0003413698287376633,2.0264,0.51,,,,,,,,,,,,,1044.0,Wieslauf 3,FC,Seitz,25.64,6.8,1.45,,2.62,,,58.7,0.93,,,0.1875397985712708,,0.2323092425175005,0.59,0.89,2.07,,24.32,34.67,45.29,51.67,55.92,7.619460596084273,,,,,,,,,24.8,18.099999999999998,8.200000000000001,,,,
47,4908.0,Wieslauf 4,Wieslauf,2018,2018-01-01,,9.556021,48.893043,9.556021,48.893043,,,epsg:4326,,,0.16,,Blank,Blank,0.012,Wieslauf 4,7204.0,8.0,0.23999999999999994,5.295384615384616,12.507692307692308,51.51538461538462,0.5400000000000001,7908.0,0.23999999999999994,0.0021142503975110664,8.326222222222222,0.5400000000000001,,,,,,,,,,,,,1045.0,Wieslauf 4,FC,Seitz,18.71,6.11,1.41,,2.52,,,32.76,0.87,,,0.19630922251844202,,0.22986371955421203,0.52,0.85,1.77,,10.56,16.98,33.18,43.91,51.07,7.187407288404613,,,,,,,,,26.8,18.7,9.700000000000001,,,,
48,4909.0,Wieslauf 5,Wieslauf,2018,2018-01-01,,9.556021,48.893043,9.556021,48.893043,,,epsg:4326,,,0.36,,Blank,Blank,0.012,Wieslauf 5,7219.0,8.0,0.22999999999999995,6.268666666666666,11.966666666666667,60.33,0.55,7923.0,0.22999999999999995,0.0012043573475726801,8.848809523809525,0.55,,,,,,,,,,,,,1046.0,Wieslauf 5,FC,Seitz,17.91,5.18,1.11,,2.62,,,38.71,1.01,,,0.1875397985712708,,0.2703889795528983,0.41,0.65,1.37,,11.17,16.05,29.72,41.13,49.33,7.95467931955293,,,,,,,,,28.299999999999997,23.1,12.9,,,,
49,4910.0,Wuerm 1,Würm,2018,2018-01-01,,8.849048,48.773044,8.849048,48.773044,,,epsg:4326,,,0.46,,Blank,Blank,0.0047,Wuerm 1,7234.0,8.0,0.21999999999999992,4.878,17.936666666666667,53.580000000000005,0.56,8238.0,0.21999999999999992,0.0013713235664710379,13.895777777777777,0.56,,,,,,,,,,,,,1067.0,Wuerm 1,FC,Seitz,17.6,5.86,1.86,,2.31,,,26.45,1.53,,,0.2160826734553441,,0.23883739032661921,0.7,1.03,2.72,,13.39,18.47,26.93,33.19,44.37,5.676557140633201,,,,,,,,,22.8,15.8,6.2,,,,
50,4911.0,Wuerm 2,Würm,2018,2018-01-01,,8.849048,48.773044,8.849048,48.773044,,,epsg:4326,,,0.42,,Blank,Blank,0.0047,Wuerm 2,7249.0,8.0,0.22999999999999995,4.674666666666667,17.733999999999998,51.23799999999999,0.55,8253.0,0.22999999999999995,0.001738063247079326,13.795333333333334,0.55,,,,,,,,,,,,,1068.0,Wuerm 2,FC,Seitz,14.94,5.02,1.34,,2.39,,,23.26,0.8,,,0.20832535866621324,,0.2639152504450646,0.61,0.86,1.66,,9.88,14.22,23.35,29.41,38.57,5.847877770491159,,,,,,,,,27.800000000000004,19.6,7.3,,,,
51,4912.0,Wuerm 3,Würm,2018,2018-01-01,,8.849048,48.773044,8.849048,48.773044,,,epsg:4326,,,0.33,,Blank,Blank,0.0047,Wuerm 3,7264.0,8.0,0.23999999999999994,6.284666666666666,18.327333333333335,70.258,0.5400000000000001,8268.0,0.23999999999999994,0.001551646777119931,10.34,0.5400000000000001,,,,,,,,,,,,,1069.0,Wuerm 3,FC,Seitz,16.17,5.48,1.43,,2.34,,,22.3,0.78,,,0.2131403954050489,,0.23818647776615365,0.66,0.89,1.74,,10.23,14.7,25.43,33.71,44.69,6.15438091885626,,,,,,,,,27.200000000000003,18.8,5.8999999999999995,,,,
52,4913.0,Wuerm 4,Würm,2018,2018-01-01,,8.849048,48.773044,8.849048,48.773044,,,epsg:4326,,,0.42,,Blank,Blank,0.0047,Wuerm 4,7279.0,8.0,0.24999999999999997,2.9566666666666666,18.314666666666664,32.821333333333335,0.53,8283.0,0.24999999999999997,0.001236799069978214,10.59911111111111,0.53,,,,,,,,,,,,,1070.0,Wuerm 4,FC,Seitz,14.8,5.06,1.29,,2.3,,,21.15,0.48,,,0.21707243114677804,,0.233149440981391,0.65,0.86,1.51,,9.12,13.69,23.23,29.78,39.9,5.884548153999947,,,,,,,,,29.799999999999997,20.0,5.800000000000001,,,,
53,4914.0,Wuerm 5,Würm,2018,2018-01-01,,8.849048,48.773044,8.849048,48.773044,,,epsg:4326,,,0.38,,Blank,Blank,0.0047,Wuerm 5,7294.0,8.0,0.21033333333333337,3.5346666666666664,18.76,39.82333333333334,0.57,8298.0,0.21033333333333337,0.0018829968297019743,16.25506839786523,0.57,,,,,,,,,,,,,1071.0,Wuerm 5,FC,Seitz,18.5,9.77,4.63,,1.71,,,10.82,1.78,,,0.284251975346194,,0.2621643654549485,1.67,3.13,5.81,,13.97,18.06,25.85,30.52,41.59,3.122626894466377,,,,,,,,,12.1,5.7,0.5,,,,
54,4915.0,Wuerm 6,Würm,2018,2018-01-01,,8.849048,48.773044,8.849048,48.773044,,,epsg:4326,,,0.45,,Blank,Blank,0.0047,Wuerm 6,7309.0,8.0,0.23999999999999994,3.7106666666666666,17.766666666666666,40.93333333333333,0.5400000000000001,8313.0,0.23999999999999994,0.0022369885642833606,21.50711111111111,0.5400000000000001,,,,,,,,,,,,,1072.0,Wuerm 6,FC,Seitz,16.31,4.92,1.31,,2.4,,,21.74,0.64,,,0.20737548389413227,,0.26809357717587234,0.61,0.85,1.58,,8.68,13.18,22.14,28.46,38.69,5.7863937768852605,,,,,,,,,28.9,19.6,7.3999999999999995,,,,
55,5117.0,474.1-S-1,Rhine (Knoblochsaue),July 2022,2022-07-12,,8.383162184,49.82191797,8.383162184,49.82191797,130.458,82.65,epsg:4258,,691.5625,-0.39,,Blank,Blank,,474.1-S-1,7452.5,3.5,0.8400000000000001,2.495,21.75,28.300000000000004,0.12,8493.5,0.7949999999999999,0.0016372023333333333,8.617222222222223,,,,,,,,,,,,,,1095.0,SP-474.1-S-I-US,US,,4.384709818,1.54642108,0.319588378,12.94905202,2.040360872,17.05110015,319.8932381,14.36039176,0.261488275,0.356133145,0.305276379,0.244419537,0.260149816,,0.249371508,0.319588378,0.424788136,0.483232446,2.362776025,3.581072555,5.958333333,7.482807018,9.896666667,4.838790104,,100.0,100.0,100.0,100.0,99.48213361,87.05334024,63.43863283,47.02226825,39.09891248,31.4344899,10.04660798,0.776799586,0.103573278,0.0
56,5118.0,474.1-S-2,Rhine (Knoblochsaue),July 2022,2022-07-12,,8.383139095,49.82194911,8.383139095,49.82194911,130.087,82.2789999999999,epsg:4258,,691.5625,-0.0469999999990022,,Blank,Blank,,474.1-S-2,7457.5,8.0,0.32000000000000006,1.329375,22.1875,15.191666666666666,0.46,8500.5,0.32,0.000908104875,3.6819374999999974,,,,,,,,,,,,,,1096.0,FC-474.1-S-II,FC,,5.025955817,1.668109732,0.299314214,14.73144379,2.264288739,12.08347445,189.6218384,6.45193364,0.460352054,0.447024658,0.3461191,0.220644129,0.25601799,,0.244450935,0.299314214,0.377727556,0.421290524,0.870169082,1.577181208,5.692546584,9.296551724,12.60098522,5.573105623,,100.0,100.0,100.0,97.56708408,96.17173524,81.64579606,70.12522361,64.50805009,53.84615385,39.03398927,10.33989267,2.683363148,1.037567084,0.0
57,5119.0,474.1-S-3,Rhine (Knoblochsaue),July 2022,2022-07-12,,8.383093122,49.82193183,8.383093122,49.82193183,129.835,82.027,epsg:4258,,691.5625,0.14,,Blank,Blank,,474.1-S-3,7465.5,8.222222222222221,0.27375,1.5666666666666667,22.9625,18.204166666666666,0.51,8508.5,0.27,0.001001818375,6.376249999999999,,,,,,,,,,,,,,1097.0,FC-474.1-S-III,FC,,4.969989392,1.519726807,0.24623506,14.4985823,2.367464671,12.56809319,202.0825704,9.099728914,0.470601014,0.447173187,0.346185777,0.210481913,0.253096965,,0.185458167,0.24623506,0.334700772,0.383783784,0.868888889,1.687619048,5.953307393,9.379531773,12.64481605,6.17185387,,100.0,100.0,100.0,98.03343166,96.16519174,81.46509341,68.82989184,63.22517207,52.9006883,41.8387414,16.37168142,4.031465093,1.229105211,0.0
58,5120.0,474.1-S-4,Rhine (Knoblochsaue),July 2022,2022-07-12,,8.383025997,49.82176044,8.383025997,49.82176044,129.741,81.933,epsg:4258,,691.5625,0.285,,Blank,Blank,,474.1-S-4,7473.5,8.444444444444445,0.22999999999999995,2.370833333333333,23.7125,27.9625,0.55,8516.5,0.49124999999999996,0.001248737125,11.522499999999999,,,,,,,,,,,,,,1098.0,FC-474.1-S-IV,FC,,20.84318095,3.96842649,0.216782609,38.70429212,3.421374841,1.91082395,3.363702625,7.920027756,0.59517173,0.480278541,0.361039723,0.130029686,0.189052393,,0.159130435,0.216782609,0.300204918,0.345491803,0.632653061,1.26031746,11.49425287,72.64608955,92.27880597,18.30601871,,100.0,100.0,81.0520362,79.07239819,77.77149321,72.85067873,66.91176471,65.27149321,58.14479638,47.05882353,19.45701357,6.447963801,2.149321267,0.0
59,5121.0,474.2-1,Rhine (Knoblochsaue),July 2022,2022-07-12,,8.382366798,49.82259938,8.382366798,49.82259938,130.259,82.4509999999999,epsg:4258,,691.5625,-0.245,,Blank,Blank,,474.2-1,7482.5,8.272727272727273,0.625,1.796,21.630000000000003,16.796666666666667,0.125,8549.5,0.65875,0.002414434375,7.271875,,,,,,,,,,,,,,1103.0,SP-474.2-I-US,US,,5.358067295,1.624893874,0.337218274,15.23261794,2.149333845,11.07934844,165.1841513,7.206654697,0.328372995,0.43592857,0.341137194,0.232545409,0.260617302,,0.290329949,0.337218274,0.407550761,0.446624365,0.972610723,2.092307692,5.42516269,7.829587852,12.28831169,4.818522598,,100.0,100.0,100.0,96.71971419,94.64111725,84.63786944,69.6654758,59.53231569,50.76323482,36.83013966,4.839233517,0.227346541,0.064956155,0.0
60,5122.0,474.2-2,Rhine (Knoblochsaue),July 2022,2022-07-12,,8.382321072,49.82258559,8.382321072,49.82258559,129.776,81.968,epsg:4258,,691.5625,0.095,,Blank,Blank,,474.2-2,7491.5,8.0,0.29500000000000004,0.5379166666666667,24.8125,6.5249999999999995,0.485,8557.5,0.29500000000000004,0.000306650125,5.256541666666666,,,,,,,,,,,,,,1104.0,FC-474.2-II,FC,,5.08962502,0.474106232,0.26612206,21.39394372,2.04729285,6.468973315,52.24117738,1.878380931,1.050395776,0.53616883,0.386075068,0.243646462,0.333315868,,0.224845679,0.26612206,0.298076923,0.315829625,0.386840432,0.422345836,0.475603942,0.844637681,4.992,1.781536761,,100.0,100.0,96.32945389,96.32945389,94.98657117,92.52461952,89.16741271,89.03312444,84.95971352,81.87108326,11.45926589,4.207699194,2.05908684,0.0
61,5123.0,474.2-3,Rhine (Knoblochsaue),July 2022,2022-07-12,,8.382272946,49.82256596,8.382272946,49.82256596,129.431,81.623,epsg:4258,,691.5625,0.48,,Blank,Blank,,474.2-3,7500.0,8.666666666666666,0.20999999999999996,0.7837037037037037,24.91111111111111,9.45925925925926,0.55,8565.5,0.24999999999999922,0.00159559875,12.5975,,,,,,,,,,,,,,1105.0,FC-474.2-III,FC,,5.214123475,0.324906528,0.191574675,18.04488597,2.28356749,7.407623745,84.5896821,2.527185875,1.141695065,0.547065859,0.390948555,0.218708707,0.320052858,,0.157021104,0.191574675,0.243405032,0.266717604,0.353453545,0.396821516,0.461873472,0.551034483,8.04,1.695978489,,100.0,100.0,100.0,91.40239605,91.40239605,89.99295278,88.30162086,87.10359408,85.83509514,83.7914024,26.14517266,4.4397463,1.62085976,0.0
62,5124.0,474.2-4,Rhine (Knoblochsaue),July 2022,2022-07-12,,8.382228565,49.82255131,8.382228565,49.82255131,129.408,81.5999999999999,epsg:4258,,691.5625,0.46,,Blank,Blank,,474.2-4,7508.5,8.0,0.22999999999999995,2.7291666666666665,24.5,33.954166666666666,0.55,8573.5,0.22999999999999923,0.001258693375,10.73,,,,,,,,,,,,,,1106.0,FC-474.2-IV,FC,,2.01193618,0.341674735,0.241227437,13.49675655,1.438580181,15.88986056,282.6367854,2.090469845,1.13840258,0.543118484,0.389183499,0.321790251,0.384522555,,0.191380866,0.241227437,0.277761959,0.295235383,0.365129081,0.40007593,0.452496203,0.483948368,0.787777778,1.4164008,,100.0,100.0,100.0,98.85931559,97.99022271,96.30635524,93.64475828,93.48180337,91.03747963,88.59315589,17.05594785,2.009777295,0.597501358,0.0
63,5125.0,474-V-1,Rhine (Knoblochsaue),July 2022,2022-07-11,,8.383129466,49.82178716,8.383129466,49.82178716,130.483,82.6749999999999,epsg:4258,,729.7916666666666,-0.412000000001,,Blank,Blank,,474-V-1,7515.0,8.0,0.622,3.875333333333333,23.48,46.03666666666667,0.248,8524.5,0.5299999999999999,0.0015321958333333332,3.6014375,,,,,,,,,,,,,,1099.0,FC-474V-I,FC,,2.546112666,1.314235723,0.31111725,4.116909015,1.877271088,2.79580243,10.15598649,3.27199673,0.619871312,0.493711677,0.367062265,0.263332685,0.295819085,,0.275997545,0.31111725,0.363796808,0.393063229,0.559459459,0.903063063,2.781879195,5.551654676,7.74676259,4.224245758,,100.0,100.0,100.0,100.0,99.2920818,90.69218668,79.75878343,71.94546408,62.82118511,48.2695333,5.558468799,1.232302045,0.471945464,0.0
64,5126.0,474-V-2,Rhine (Knoblochsaue),July 2022,2022-07-11,,8.383092338,49.82177806,8.383092338,49.82177806,130.071,82.263,epsg:4258,,729.7916666666666,0.0,,Blank,Blank,,474-V-2,7521.5,7.333333333333333,0.29125,2.5395833333333333,23.775,30.279166666666665,0.485,8530.5,0.41500000000000004,0.0007815617500000001,4.83375,,,,,,,,,,,,,,1100.0,FC-474-V-II,FC,,4.361874401,1.415170796,0.2045,13.32609253,2.431800494,15.69386367,285.0473775,10.19844533,0.51896875,0.447309215,0.346246841,0.204383526,0.252067632,,0.150729167,0.2045,0.292542017,0.346764706,0.867718447,1.537203166,6.511976048,9.793195021,12.36348548,6.920150591,,100.0,100.0,100.0,100.0,98.48895777,79.81402557,66.87330492,66.79581558,52.11158466,44.1301821,21.0771019,7.12901976,2.557148392,0.0
65,5127.0,474-V-3,Rhine (Knoblochsaue),July 2022,2022-07-11,,8.383057865,49.82176789,8.383057865,49.82176789,129.757,81.9489999999999,epsg:4258,,729.7916666666666,0.34,,Blank,Blank,,474-V-3,7529.5,8.222222222222221,0.25375,2.11375,22.975,31.483333333333334,0.53,8535.0,0.19599999999999937,0.0016525909999999997,13.949000000000002,,,,,,,,,,,,,,1101.0,FC-474-V-III,FC,,3.643395879,1.415346711,0.283093525,6.552645628,2.117909912,4.787401961,32.0176878,8.661116983,0.417356213,0.437095547,0.34166121,0.235909027,0.265330604,,0.219587054,0.283093525,0.369491906,0.417491007,0.961174242,1.901869159,4.596774194,7.076129032,9.973799127,4.99957288,,100.0,100.0,100.0,99.01639344,98.07962529,87.35362998,72.83372365,60.98360656,50.96018735,38.59484778,12.55269321,2.06088993,0.468384075,0.0
66,5128.0,474-V-4,Rhine (Knoblochsaue),July 2022,2022-07-11,,8.383025997,49.82176044,8.383025997,49.82176044,129.527,81.7189999999999,epsg:4258,,729.7916666666666,0.51,,Blank,Blank,,474-V-4,7537.5,8.0,0.22999999999999995,0.84875,22.85,9.845833333333333,0.55,8541.5,0.22999999999999923,0.0016266315,17.836875,,,,,,,,,,,,,,1102.0,FC-474-V-IV,FC,,5.126227978,1.578507555,0.331147541,14.82152475,2.125071719,11.93443627,184.9573154,9.65372787,0.342888829,0.395395843,0.322927896,0.235138172,0.254492973,,0.265807963,0.331147541,0.429156909,0.483606557,1.495454545,2.566037736,5.223367698,7.524398625,11.31182796,4.766780241,,100.0,100.0,100.0,97.20430108,95.86021505,85.86021505,70.21505376,55.96774194,44.13978495,31.50537634,8.548387097,1.451612903,0.376344086,0.0
67,5129.0,474.5-1,Rhine (Knoblochsaue),July 2022,2022-07-14,,8.380530979,49.82484431,8.380530979,49.82484431,130.012,82.2039999999999,epsg:4258,,659.46875,-0.28,,Blank,Blank,,474.5-1,7543.5,2.5,0.6149999999999999,0.18583333333333332,23.55,2.1916666666666664,0.33,8579.0,0.6099999999999993,0.00039371733333333335,2.31072222222222,,,,,,,,,,,,,,1107.0,SP-474.5-I-US ,US,,53.11570414,7.676268659,0.502238806,65.91890013,3.36178856,1.274130949,0.678858227,121.6321548,0.192001141,0.21709285,0.242714593,0.133619166,0.14769276,,0.370941558,0.502238806,0.950559701,1.792592593,19.3556701,45.11842105,90.6726297,117.3248658,156.773743,15.28410104,,100.0,86.5917603,65.65543071,55.6928839,48.42696629,41.34831461,35.05617978,31.04868914,25.99250936,15.95505618,4.419475655,0.823970037,0.224719101,0.0
68,5130.0,474.5-2,Rhine (Knoblochsaue),July 2022,2022-07-14,,8.380501809,49.82484316,8.380501809,49.82484316,129.682,81.8739999999999,epsg:4258,,659.46875,0.7,,Blank,Blank,,474.5-2,7549.0,9.142857142857142,0.19571428571428567,0.7995238095238095,24.157142857142855,9.652380952380952,0.55,8584.0,0.19571428571428512,0.0021282332857142858,7.1348571428571415,,,,,,,,,,,,,,1108.0,SP-474.5-II-US,US,,17.11699027,4.275946392,0.410157233,23.28516055,2.838302041,3.079195416,23.26502725,34.59741929,0.250828778,0.291365792,0.27614088,0.169733074,0.191144854,,0.309119497,0.410157233,0.673672566,0.910619469,5.618181818,10.69473684,34.21459044,44.57733788,51.48583618,10.42513956,,100.0,100.0,100.0,72.64239029,67.64705882,56.11577965,45.84500467,38.98225957,31.88608777,21.33520075,6.489262372,1.447245565,0.373482726,0.0
69,5131.0,474.5-3,Rhine (Knoblochsaue),July 2022,2022-07-14,,8.380477515,49.82484105,8.380477515,49.82484105,129.489,81.6809999999999,epsg:4258,,659.46875,0.31,,Blank,Blank,,474.5-3,7557.0,8.0,0.26499999999999996,0.9588888888888888,23.1,11.303703703703704,0.495,8592.5,0.2849999999999998,0.0012168805,9.70833333333333,,,,,,,,,,,,,,1109.0,FC-474.5-III,FC,,31.59901488,6.634626024,0.556095618,38.88938884,2.982891172,1.344997343,1.778108316,63.8692656,1.155744029,0.25452943,0.25956406,0.158880098,0.17263465,,0.349031477,0.556095618,1.732954545,2.998757764,9.968957871,22.29238411,55.6891791,79.15592408,96.34745255,11.93072884,,100.0,100.0,78.36143537,63.87808042,57.34976221,47.60051881,33.48465197,26.52399481,20.81712062,15.39126675,6.463467358,1.513186338,0.540423692,0.0
70,5132.0,474.5-4,Rhine (Knoblochsaue),July 2022,2022-07-14,,8.380451299,49.82483714,8.380451299,49.82483714,129.155,81.3469999999999,epsg:4258,,659.46875,0.64,,Blank,Blank,,474.5-4,7564.5,5.5,0.17999999999999997,1.9973611111111111,23.46666666666667,18.358333333333334,0.66,8601.5,0.19499999999999923,0.0005050755,6.291875,,,,,,,,,,,,,,1110.0,FC-474.5-IV,FC,,21.36064293,4.296634927,0.355,32.48496054,3.02420917,2.209601297,6.81727697,35.51236687,0.484931551,0.293966999,0.277311327,0.155908219,0.181523989,,0.240291878,0.355,0.620283019,0.997169811,5.408695652,8.533333333,33.68632075,52.00301887,66.49055118,12.10319698,,100.0,100.0,89.40342094,73.92574051,69.46182728,59.32415519,44.93116395,35.66958698,30.03754693,23.40425532,10.63829787,2.419691281,0.834376304,0.0
71,5133.0,474.6-1,Rhine (Knoblochsaue),July 2022,2022-07-13,,8.380660801,49.8254312,8.380660801,49.8254312,130.133,82.125,epsg:4258,,679.9166666666666,-0.195,,Blank,Blank,,474.6-1,7570.0,7.625,0.426,0.43166666666666664,24.72,5.083333333333333,0.39,8609.0,0.42142857142857143,0.00046316150000000003,1.4169047619047614,,,,,,,,,,,,,,1111.0,SP-474.6-I-US,US,,25.37436121,5.280588622,0.494501511,33.33291055,2.908984433,1.878373679,5.265909471,53.68002912,0.422761574,0.273998562,0.2683258,0.164337986,0.178913433,,0.362311178,0.494501511,1.011029412,1.725980392,7.299465241,19.4488746,42.13125,56.38934483,72.57855072,10.67860969,,100.0,100.0,88.17278025,68.28933836,57.62769969,52.24545766,39.42406582,31.91635242,24.92286596,16.24957148,4.90229688,1.302708262,0.445663353,0.0
72,5134.0,474.6-2,Rhine (Knoblochsaue),July 2022,2022-07-13,,8.380615918,49.82543069,8.380615918,49.82543069,129.733,81.9249999999999,epsg:4258,,679.9166666666666,0.07,,Blank,Blank,,474.6-2,7576.5,8.0,0.31000000000000005,0.6591666666666667,23.0375,7.766666666666667,0.47,8616.5,0.31,0.001067030375,6.017916666666656,,,,,,,,,,,,,,1112.0,FC-474.6-II ,FC,,10.66125256,1.883022489,0.262364865,25.63979769,2.748594222,4.018061045,22.78975695,8.073153811,0.658390534,0.445998912,0.345658624,0.176836137,0.218370581,,0.186662679,0.262364865,0.37035473,0.430349099,0.879072682,1.506956522,4.776397516,13.51466667,40.47954545,7.177113787,,100.0,100.0,95.16658846,87.9399343,85.31206007,81.08869076,73.53355232,65.32144533,54.52839043,35.80478649,14.96949789,5.161895824,1.454716096,0.0
73,5135.0,474.6-3,Rhine (Knoblochsaue),July 2022,2022-07-13,,8.380571089,49.82542596,8.380571089,49.82542596,129.375,81.5669999999999,epsg:4258,,679.9166666666666,0.38,,Blank,Blank,,474.6-3,7584.5,8.0,0.23999999999999996,1.0,24.125,12.495833333333332,0.54,8624.0,0.23571428571428496,0.001168183857142857,11.126428571428557,,,,,,,,,,,,,,1113.0,FC-474.6-III,FC,,8.699135448,1.390320429,0.337668539,24.57623012,2.321640484,3.460587048,10.65866119,5.976467061,0.769242261,0.433595074,0.340089323,0.21493623,0.235804691,,0.255547753,0.337668539,0.460849719,0.547931034,0.995977011,1.527272727,3.225888325,5.724521739,7.75826087,4.117411801,,100.0,100.0,92.91944587,92.91944587,92.35505387,90.71318625,78.9122627,68.80451514,50.17957927,27.86044125,9.59466393,3.232426886,0.205233453,0.0
74,5136.0,474.6-4,Rhine (Knoblochsaue),July 2022,2022-07-13,,8.380526687,49.82542041,8.380526687,49.82542041,129.249,81.441,epsg:4258,,679.9166666666666,0.57,,Blank,Blank,,474.6-4,7592.5,7.875,0.20375000000000004,1.5617708333333333,25.175,19.270833333333336,0.58,8631.5,0.20375,0.00239350325,27.16874999999999,,,,,,,,,,,,,,1114.0,FC-474.6-IV,FC,,3.035389015,1.43755453,0.415102639,13.07042038,1.574832445,17.03010073,315.554456,4.137634906,0.897816585,0.42558197,0.336490534,0.302364322,0.278823258,,0.337243402,0.415102639,0.549431818,0.65,1.081560284,1.395390071,1.866134752,4.978438662,6.557620818,3.463130307,,100.0,100.0,100.0,99.3220339,99.15254237,95.48022599,80.28248588,79.26553672,47.40112994,22.54237288,3.276836158,1.016949153,0.338983051,0.0
75,5137.0,A-1,Rhine (Rastatter Rheinaue),July 2022,2023-07-26,,8.14860797699999,48.9025047299999,8.14860797699999,48.9025047299999,158.2403333,110.2643333,epsg:4258,,641.8020833333334,-0.258833299999992,,Blank,Blank,,A-1,7599.5,4.5,0.715,0.4252777777777778,25.516666666666666,5.219444444444444,0.14,8405.0,0.7528571428571427,0.001669485857142857,13.8842857142857,,,,,,,,,,,,,,1083.0,FC-A-1,FC,,21.4825515,4.250104886,0.453643411,23.7529861,2.679535212,3.264531019,22.17254681,71.78910978,7.975226172,0.227063053,0.24720217,0.18250608,0.196745555,,0.297093023,0.453643411,4.584375,7.10875,16.07157851,21.32804366,29.21274139,39.81848101,50.55506329,9.368823142,,100.0,100.0,96.95469176,79.35132459,49.86382768,31.76528844,23.84253528,20.40108938,19.11364199,17.7766774,8.195097796,1.559792028,0.61896509,0.0
76,5138.0,A-2,Rhine (Rastatter Rheinaue),July 2022,2023-07-26,,8.14856733599999,48.9025207099999,8.14856733599999,48.9025207099999,157.991,110.015,epsg:4258,,641.8020833333334,0.14,,Blank,Blank,,A-2,7607.0,7.636363636363637,0.21999999999999995,2.2921296296296294,25.788888888888888,28.59722222222222,0.54,8413.5,0.27999999999999925,0.0014283858,7.902999999999999,,,,,,,,,,,,,,1084.0,FC-A-2,FC,,24.66806575,15.85696026,5.591741935,23.71386196,2.157843119,3.132770813,20.97059771,10.60095137,2.213398523,0.218142718,0.243187143,0.231642857,0.217530508,,2.270967742,5.591741935,9.236363636,11.00051948,18.97383721,24.0744186,32.13,44.96688,53.5248,2.835781844,,100.0,100.0,96.64310954,74.55830389,44.16961131,21.4958775,12.36749117,9.628975265,8.716136631,7.714958775,4.711425206,1.67844523,0.795053004,0.0
77,5139.0,A-3,Rhine (Rastatter Rheinaue),July 2022,2023-07-26,,8.148525024,48.9025376199999,8.148525024,48.9025376199999,157.683999999999,109.708,epsg:4258,,641.8020833333334,0.34,,Blank,Blank,,A-3,7616.0,8.0,0.26999999999999996,5.46425925925926,26.366666666666667,65.6574074074074,0.51,8422.5,0.27,0.00352765075,23.735437499999975,,,,,,,,,,,,,,1085.0,FC-A-3,FC,,21.94235044,13.76317253,5.355636364,19.16838902,2.128457469,4.531920241,48.24451856,12.66029601,3.154922588,0.216143628,0.242287343,0.234774627,0.218786761,,1.85,5.355636364,9.540106952,11.69197861,19.70892857,23.42154762,28.99047619,35.36926431,45.73079019,2.569848211,,100.0,100.0,100.0,81.75944334,40.00994036,21.42147117,13.22067594,10.23856859,8.648111332,7.206759443,4.870775348,2.385685885,1.292246521,0.0
78,5140.0,A-4,Rhine (Rastatter Rheinaue),July 2022,2023-07-26,,8.14848487,48.9025532699999,8.14848487,48.9025532699999,157.2053333,109.2293333,epsg:4258,,641.8020833333334,0.56,,Blank,Blank,,A-4,7624.5,8.333333333333334,0.15625,5.745416666666666,25.6375,71.125,0.62,8430.0,0.1514285714285714,0.0029834916666666663,32.96242857142857,,,,,,,,,,,,,,1086.0,FC-A-4,FC,,22.01975044,16.24095172,7.141953488,19.10363696,1.726982442,4.643457147,48.87046523,4.774770046,1.253695891,0.220895254,0.244426064,0.282054441,0.242023014,,4.693953488,7.141953488,10.02003339,11.48447412,18.01520052,22.41254851,29.0085705,36.93226415,46.70766509,2.274020931,,100.0,100.0,100.0,80.66575467,45.41723666,18.10305518,8.299133607,5.836753306,5.061559508,4.423164615,2.918376653,0.820793434,0.364797082,0.0
79,5141.0,B-1,Rhine (Rastatter Rheinaue),July 2022,2023-07-26,,8.14873782099999,48.9026978899999,8.14873782099999,48.9026978899999,158.2713333,110.2953333,epsg:4258,,641.8020833333334,-0.194000000000002,,Blank,Blank,,B-1,7631.0,4.833333333333333,0.67,2.7186666666666666,24.86,34.82066666666667,0.2,8435.5,0.7225,0.00064597425,5.71225,,,,,,,,,,,,,,1087.0,FC-B-1,FC,,17.65990608,3.312380775,0.359283276,19.49187485,2.794397786,4.666669757,48.71299281,82.45241664,8.312219891,0.234557423,0.250575298,0.173173034,0.194332427,,0.225141509,0.359283276,3.49137931,5.894076655,14.04013378,18.56346154,26.04767628,30.53820513,40.61568396,9.219412624,,100.0,100.0,100.0,85.92764686,54.86226352,35.01493528,25.4895453,23.5645536,22.96714238,21.47361434,11.74908729,2.953866578,1.228011948,0.0
80,5142.0,B-2,Rhine (Rastatter Rheinaue),July 2022,2023-07-26,,8.14871635299999,48.90270238,8.14871635299999,48.90270238,158.077333299999,110.1013333,epsg:4258,,641.8020833333334,0.11,,Blank,Blank,,B-2,7637.5,8.0,0.29000000000000004,5.0529166666666665,25.4375,62.34791666666666,0.49,8441.5,0.31,0.0033610412500000002,10.465,,,,,,,,,,,,,,1088.0,FC-B-2,FC,,17.24909676,5.347340163,0.984782609,18.36883863,2.472277681,5.515060121,62.68074182,54.72232545,11.59112935,0.235152572,0.250843164,0.200637577,0.205927822,,0.317647059,0.984782609,5.963768116,8.0,13.89252949,17.38238573,24.66583055,29.03589744,34.16775244,5.429970144,,100.0,100.0,100.0,89.0747331,57.15302491,30.0,20.17793594,20.07117438,16.04982206,14.41281139,8.362989324,2.526690391,0.996441281,0.0
81,5143.0,B-3,Rhine (Rastatter Rheinaue),July 2022,2023-07-26,,8.148694988,48.90270829,8.148694988,48.90270829,157.888,109.912,epsg:4258,,641.8020833333334,0.295,,Blank,Blank,,B-3,7645.5,8.6,0.24999999999999997,6.7644375,24.95625,83.30624999999999,0.53,8450.0,0.23999999999999932,0.0024455887777777774,14.297962962962961,,,,,,,,,,,,,,1089.0,FC-B-3,FC,,20.08436257,12.58835319,5.048549618,18.94156777,2.235189556,4.874959792,52.47901426,34.04944473,8.05612479,0.226543285,0.246968226,0.223597924,0.215372243,,0.6075,5.048549618,8.538461538,10.06153846,16.2252422,20.68503767,27.37473089,31.38854682,43.00011876,2.493459339,,100.0,100.0,100.0,84.24990647,49.49494949,23.23232323,13.43060232,11.26075571,10.58735503,9.839132061,6.771417883,2.469135802,1.122334456,0.0
82,5144.0,B-4,Rhine (Rastatter Rheinaue),July 2022,2023-07-26,,8.14866764099999,48.9027132399999,8.14866764099999,48.9027132399999,157.814333299999,109.8383333,epsg:4258,,641.8020833333334,0.42,,Blank,Blank,,B-4,7653.5,8.0,0.23999999999999996,6.91375,24.825,84.33333333333334,0.54,8458.5,0.23999999999999921,0.0020319595,17.123749999999987,,,,,,,,,,,,,,1090.0,FC-B-4,FC,,19.26767322,12.56248193,5.289552239,18.00227938,1.993833404,5.651793807,65.64550228,8.345875486,2.108370915,0.226717991,0.24704686,0.24967229,0.228211824,,2.419354839,5.289552239,8.653576438,10.1486676,16.17339494,20.19163424,26.21899319,29.83540856,36.43433544,2.374961312,,100.0,100.0,100.0,88.14258912,49.5684803,22.81425891,12.75797373,9.268292683,8.292682927,7.392120075,4.652908068,1.538461538,0.712945591,0.0
83,5145.0,C-1,Rhine (Rastatter Rheinaue),July 2022,2023-07-25,,8.14882992,48.9028589099999,8.14882992,48.9028589099999,157.057999999999,109.082,epsg:4258,,653.15625,-0.466833332999996,,Blank,Blank,,C-1,7659.5,4.285714285714286,0.75,1.8900000000000001,28.9,25.6375,0.18,8465.5,0.7000000000000001,0.0032680345000000006,10.398333333333332,,,,,,,,,,,,,,1091.0,FC-C-1,FC,,22.81467455,13.69883524,4.513361702,20.31085065,2.396952481,3.794913644,37.25307147,57.05737365,12.25150897,0.215776329,0.24212202,0.2076645,0.20702397,,0.425,4.513361702,9.121311475,11.23672131,19.84771127,24.2493838,30.85189261,41.57833992,49.61146245,3.035173369,,100.0,100.0,100.0,76.47241166,41.25852449,22.34965902,15.06509609,14.29014259,13.01921885,11.65530068,6.137631742,2.169869808,1.177929324,0.0
84,5146.0,C-2,Rhine (Rastatter Rheinaue),July 2022,2023-07-25,,8.14881094799999,48.90287011,8.14881094799999,48.90287011,156.739,108.763,epsg:4258,,653.15625,0.04,,Blank,Blank,,C-2,7665.5,8.0,0.22999999999999995,7.03125,27.075,89.79375,0.55,8472.0,0.6042857142857143,0.002724699,4.759285714285714,,,,,,,,,,,,,,1092.0,FC-C-2,FC,,18.95365394,10.78246552,3.802962963,18.85546207,2.325957541,5.011429407,54.58202865,47.10403371,8.946035563,0.229260775,0.248191347,0.214512602,0.212048861,,0.419607843,3.802962963,6.933333333,8.613664596,15.44099379,19.76522199,26.51902748,30.57131078,40.39895561,2.835280181,,100.0,100.0,100.0,86.06259098,51.63755459,28.20232897,16.19359534,14.22852984,13.4279476,11.79039301,6.222707424,2.328966521,1.091703057,0.0
85,5147.0,C-3,Rhine (Rastatter Rheinaue),July 2022,2023-07-25,,8.148790157,48.9028783099999,8.148790157,48.9028783099999,156.4795,108.5035,epsg:4258,,653.15625,0.35,,Blank,Blank,,C-3,7673.5,7.333333333333333,0.23624999999999996,7.0475,26.875,89.85,0.54,8480.0,0.2599999999999992,0.001007976,6.618666666666666,,,,,,,,,,,,,,1093.0,FC-C-3,FC,,17.8770019,11.50899994,4.543055118,18.07145937,2.204269308,5.736560504,66.2855386,35.92601899,8.543301233,0.233723959,0.250200169,0.226779915,0.217826339,,0.49464539,4.543055118,7.221653543,8.665854109,14.25004617,17.77063968,24.88645749,29.15594818,34.51586124,2.533317259,,100.0,100.0,100.0,88.94121382,56.26752738,27.61521774,14.17535319,12.71495846,10.8365522,10.07989841,6.349542304,2.539816922,1.164082756,0.0
86,5148.0,C-4,Rhine (Rastatter Rheinaue),July 2022,2023-07-25,,8.148770487,48.9028872199999,8.148770487,48.9028872199999,156.322,108.346,epsg:4258,,653.15625,0.49,,Blank,Blank,,C-4,7681.0,9.142857142857142,0.19571428571428567,8.274285714285714,29.785714285714285,111.11428571428571,0.55,8487.5,0.1699999999999993,0.0013491447999999999,14.299000000000001,,,,,,,,,,,,,,1094.0,FC-C-4,FC,,20.65310792,12.96545144,5.354503817,15.04527297,2.3310563,0.786881654,0.296918518,57.73936205,15.39180417,0.217985455,0.243116358,0.214013341,0.2119736,,0.392574257,5.354503817,9.86163522,11.70314465,19.03044872,22.66698718,28.12179487,31.39467949,42.94956522,2.42141044,,100.0,100.0,100.0,84.28961749,41.66666667,19.94535519,13.97996357,13.38797814,12.56830601,11.97632058,7.37704918,1.775956284,0.819672131,0.0
87,,,,,,,,,,,,,,,,,,,,,Log A March 2022 Hyd0,,,,,,,,,,,,,845.0,UPSTREAM 0,-0.017,-0.268,1.073,,,1.18,,,,,,,,,,,,,,,,,,,,,,,,,,,,,,,,,,,,,,,,,,,,,,,
88,,,,,,,,,,,,,,,,,,,,,Log A March 2022 Hyd1,,,,,,,,,,,,,846.0,UPSTREAM 1,-0.375,-0.128,0.136,,,1.18,,,,,,,,,,,,,,,,,,,,,,,,,,,,,,,,,,,,,,,,,,,,,,,
89,,,,,,,,,,,,,,,,,,,,,Log A March 2022 Hyd2,,,,,,,,,,,,,847.0,UPSTREAM 2,-0.467,-0.364,1.149,,,1.18,,,,,,,,,,,,,,,,,,,,,,,,,,,,,,,,,,,,,,,,,,,,,,,
90,,,,,,,,,,,,,,,,,,,,,Log A March 2022 Hyd3,,,,,,,,,,,,,848.0,UPSTREAM 3,-0.865,-0.159,0.38,,,1.18,,,,,,,,,,,,,,,,,,,,,,,,,,,,,,,,,,,,,,,,,,,,,,,
91,,,,,,,,,,,,,,,,,,,,,Log A March 2022 Hyd4,,,,,,,,,,,,,849.0,UPSTREAM 4,-1.201,-0.356,1.17,,,1.18,,,,,,,,,,,,,,,,,,,,,,,,,,,,,,,,,,,,,,,,,,,,,,,
92,,,,,,,,,,,,,,,,,,,,,Log A March 2022 Hyd5,,,,,,,,,,,,,850.0,UPSTREAM 5,-0.641,-0.401,1.853,,,1.18,,,,,,,,,,,,,,,,,,,,,,,,,,,,,,,,,,,,,,,,,,,,,,,
93,,,,,,,,,,,,,,,,,,,,,Log A March 2022 Hyd6,,,,,,,,,,,,,851.0,UPSTREAM 6,-0.465,-0.177,0.977,,,1.18,,,,,,,,,,,,,,,,,,,,,,,,,,,,,,,,,,,,,,,,,,,,,,,
94,,,,,,,,,,,,,,,,,,,,,Log A March 2022 Hyd7,,,,,,,,,,,,,852.0,UPSTREAM 7,-0.851,-0.475,1.847,,,1.18,,,,,,,,,,,,,,,,,,,,,,,,,,,,,,,,,,,,,,,,,,,,,,,
95,,,,,,,,,,,,,,,,,,,,,Log A March 2022 Hyd8,,,,,,,,,,,,,853.0,UPSTREAM 8,-0.913,-0.422,1.629,,,1.18,,,,,,,,,,,,,,,,,,,,,,,,,,,,,,,,,,,,,,,,,,,,,,,
96,,,,,,,,,,,,,,,,,,,,,Log A March 2022 Hyd9,,,,,,,,,,,,,854.0,UPSTREAM 9,0.018,-0.069,0.337,,,1.18,,,,,,,,,,,,,,,,,,,,,,,,,,,,,,,,,,,,,,,,,,,,,,,
97,,,,,,,,,,,,,,,,,,,,,Log A March 2022 Hyd10,,,,,,,,,,,,,855.0,UPSTREAM 10,-0.025,-0.02,0.09,,,1.18,,,,,,,,,,,,,,,,,,,,,,,,,,,,,,,,,,,,,,,,,,,,,,,
98,,,,,,,,,,,,,,,,,,,,,Log A March 2022 Hyd11,,,,,,,,,,,,,856.0,UPSTREAM 11,0.773,-0.272,1.041,,,1.18,,,,,,,,,,,,,,,,,,,,,,,,,,,,,,,,,,,,,,,,,,,,,,,
99,,,,,,,,,,,,,,,,,,,,,Log A March 2022 Hyd12,,,,,,,,,,,,,857.0,UPSTREAM 12,0.975,-0.124,0.393,,,1.18,,,,,,,,,,,,,,,,,,,,,,,,,,,,,,,,,,,,,,,,,,,,,,,
100,,,,,,,,,,,,,,,,,,,,,Log A March 2022 Hyd13,,,,,,,,,,,,,858.0,UPSTREAM 13,0.957,0.002,-0.091,,,1.18,,,,,,,,,,,,,,,,,,,,,,,,,,,,,,,,,,,,,,,,,,,,,,,
101,,,,,,,,,,,,,,,,,,,,,Log A March 2022 Hyd14,,,,,,,,,,,,,859.0,UPSTREAM 14,0.519,0.016,-0.077,,,1.18,,,,,,,,,,,,,,,,,,,,,,,,,,,,,,,,,,,,,,,,,,,,,,,
102,,,,,,,,,,,,,,,,,,,,,Log A March 2022 Hyd15,,,,,,,,,,,,,860.0,UPSTREAM 15,0.649,-0.062,0.199,,,1.18,,,,,,,,,,,,,,,,,,,,,,,,,,,,,,,,,,,,,,,,,,,,,,,
103,,,,,,,,,,,,,,,,,,,,,Log A March 2022 Hyd16,,,,,,,,,,,,,861.0,UPSTREAM 16,0.767,-0.009,-0.062,,,1.18,,,,,,,,,,,,,,,,,,,,,,,,,,,,,,,,,,,,,,,,,,,,,,,
104,,,,,,,,,,,,,,,,,,,,,Log A March 2022 Hyd17,,,,,,,,,,,,,862.0,UPSTREAM 17,0.864,0.164,-0.744,,,1.18,,,,,,,,,,,,,,,,,,,,,,,,,,,,,,,,,,,,,,,,,,,,,,,
105,,,,,,,,,,,,,,,,,,,,,Log A March 2022 Hyd18,,,,,,,,,,,,,863.0,UPSTREAM 18,0.77,0.157,-0.662,,,1.18,,,,,,,,,,,,,,,,,,,,,,,,,,,,,,,,,,,,,,,,,,,,,,,
106,,,,,,,,,,,,,,,,,,,,,Log A March 2022 Hyd19,,,,,,,,,,,,,864.0,UPSTREAM 19,0.722,0.186,-0.798,,,1.18,,,,,,,,,,,,,,,,,,,,,,,,,,,,,,,,,,,,,,,,,,,,,,,
107,,,,,,,,,,,,,,,,,,,,,Log A March 2022 Hyd20,,,,,,,,,,,,,865.0,UPSTREAM 20,0.945,0.021,-0.124,,,1.18,,,,,,,,,,,,,,,,,,,,,,,,,,,,,,,,,,,,,,,,,,,,,,,
108,,,,,,,,,,,,,,,,,,,,,Log A March 2022 Hyd21,,,,,,,,,,,,,866.0,UPSTREAM 21,1.254,0.236,-1.021,,,1.18,,,,,,,,,,,,,,,,,,,,,,,,,,,,,,,,,,,,,,,,,,,,,,,
109,,,,,,,,,,,,,,,,,,,,,Log B March 2022 Hyd0,,,,,,,,,,,,,867.0,DOWNSTREAM 0,-1.062,0.105,-0.465,,,1.18,,,,,,,,,,,,,,,,,,,,,,,,,,,,,,,,,,,,,,,,,,,,,,,
110,,,,,,,,,,,,,,,,,,,,,Log B March 2022 Hyd1,,,,,,,,,,,,,868.0,DOWNSTREAM 1,-1.208,-0.47,1.728,,,1.18,,,,,,,,,,,,,,,,,,,,,,,,,,,,,,,,,,,,,,,,,,,,,,,
111,,,,,,,,,,,,,,,,,,,,,Log B March 2022 Hyd2,,,,,,,,,,,,,869.0,DOWNSTREAM 2,-1.049,-0.48,1.768,,,1.18,,,,,,,,,,,,,,,,,,,,,,,,,,,,,,,,,,,,,,,,,,,,,,,
112,,,,,,,,,,,,,,,,,,,,,Log B March 2022 Hyd3,,,,,,,,,,,,,870.0,DOWNSTREAM 3,-1.066,-0.216,0.777,,,1.18,,,,,,,,,,,,,,,,,,,,,,,,,,,,,,,,,,,,,,,,,,,,,,,
113,,,,,,,,,,,,,,,,,,,,,Log B March 2022 Hyd4,,,,,,,,,,,,,871.0,DOWNSTREAM 4,-1.171,-0.117,0.415,,,1.18,,,,,,,,,,,,,,,,,,,,,,,,,,,,,,,,,,,,,,,,,,,,,,,
114,,,,,,,,,,,,,,,,,,,,,Log B March 2022 Hyd5,,,,,,,,,,,,,872.0,DOWNSTREAM 5,-0.569,-0.22,0.856,,,1.18,,,,,,,,,,,,,,,,,,,,,,,,,,,,,,,,,,,,,,,,,,,,,,,
115,,,,,,,,,,,,,,,,,,,,,Log B March 2022 Hyd6,,,,,,,,,,,,,873.0,DOWNSTREAM 6,-0.21,-0.206,0.83,,,1.18,,,,,,,,,,,,,,,,,,,,,,,,,,,,,,,,,,,,,,,,,,,,,,,
116,,,,,,,,,,,,,,,,,,,,,Log B March 2022 Hyd7,,,,,,,,,,,,,874.0,DOWNSTREAM 7,-0.486,-0.166,0.656,,,1.18,,,,,,,,,,,,,,,,,,,,,,,,,,,,,,,,,,,,,,,,,,,,,,,
117,,,,,,,,,,,,,,,,,,,,,Log B March 2022 Hyd8,,,,,,,,,,,,,875.0,DOWNSTREAM 8,-0.999,-0.499,1.918,,,1.18,,,,,,,,,,,,,,,,,,,,,,,,,,,,,,,,,,,,,,,,,,,,,,,
118,,,,,,,,,,,,,,,,,,,,,Log B March 2022 Hyd9,,,,,,,,,,,,,876.0,DOWNSTREAM 9,-0.308,0.074,-0.378,,,1.18,,,,,,,,,,,,,,,,,,,,,,,,,,,,,,,,,,,,,,,,,,,,,,,
119,,,,,,,,,,,,,,,,,,,,,Log B March 2022 Hyd10,,,,,,,,,,,,,877.0,DOWNSTREAM 10,-0.426,-0.047,0.288,,,1.18,,,,,,,,,,,,,,,,,,,,,,,,,,,,,,,,,,,,,,,,,,,,,,,
120,,,,,,,,,,,,,,,,,,,,,Log B March 2022 Hyd11,,,,,,,,,,,,,878.0,DOWNSTREAM 11,-0.781,-0.364,2.075,,,1.18,,,,,,,,,,,,,,,,,,,,,,,,,,,,,,,,,,,,,,,,,,,,,,,
121,,,,,,,,,,,,,,,,,,,,,Log B March 2022 Hyd12,,,,,,,,,,,,,879.0,DOWNSTREAM 12,-1.108,-0.671,2.264,,,1.18,,,,,,,,,,,,,,,,,,,,,,,,,,,,,,,,,,,,,,,,,,,,,,,
122,,,,,,,,,,,,,,,,,,,,,Log B March 2022 Hyd13,,,,,,,,,,,,,880.0,DOWNSTREAM 13,-1.032,-0.553,2.059,,,1.18,,,,,,,,,,,,,,,,,,,,,,,,,,,,,,,,,,,,,,,,,,,,,,,
123,,,,,,,,,,,,,,,,,,,,,Log B March 2022 Hyd14,,,,,,,,,,,,,881.0,DOWNSTREAM 14,-0.968,-0.49,1.917,,,1.18,,,,,,,,,,,,,,,,,,,,,,,,,,,,,,,,,,,,,,,,,,,,,,,
124,,,,,,,,,,,,,,,,,,,,,Log B March 2022 Hyd15,,,,,,,,,,,,,882.0,DOWNSTREAM 15,-0.717,-0.172,0.676,,,1.18,,,,,,,,,,,,,,,,,,,,,,,,,,,,,,,,,,,,,,,,,,,,,,,
125,,,,,,,,,,,,,,,,,,,,,Log B March 2022 Hyd16,,,,,,,,,,,,,883.0,DOWNSTREAM 16,-0.182,-0.038,0.209,,,1.18,,,,,,,,,,,,,,,,,,,,,,,,,,,,,,,,,,,,,,,,,,,,,,,
126,,,,,,,,,,,,,,,,,,,,,Log B March 2022 Hyd17,,,,,,,,,,,,,884.0,DOWNSTREAM 17,-0.195,0.035,-0.198,,,1.18,,,,,,,,,,,,,,,,,,,,,,,,,,,,,,,,,,,,,,,,,,,,,,,
127,,,,,,,,,,,,,,,,,,,,,Log B March 2022 Hyd18,,,,,,,,,,,,,885.0,DOWNSTREAM 18,-1.037,-0.572,2.138,,,1.18,,,,,,,,,,,,,,,,,,,,,,,,,,,,,,,,,,,,,,,,,,,,,,,
128,,,,,,,,,,,,,,,,,,,,,Log B March 2022 Hyd19,,,,,,,,,,,,,886.0,DOWNSTREAM 19,-0.828,-0.318,1.228,,,1.18,,,,,,,,,,,,,,,,,,,,,,,,,,,,,,,,,,,,,,,,,,,,,,,
129,,,,,,,,,,,,,,,,,,,,,Log B March 2022 Hyd20,,,,,,,,,,,,,887.0,DOWNSTREAM 20,-1.133,-0.402,1.56,,,1.18,,,,,,,,,,,,,,,,,,,,,,,,,,,,,,,,,,,,,,,,,,,,,,,
130,,,,,,,,,,,,,,,,,,,,,Knoblochsaue 11.07.2022 Hyd1,,,,,,,,,,,,,888.0,3,0.088,-0.015,0.0545,0.0087462317246835,0.0015728530063291,0.6275,23.4545,Schwindt/Baich,,Yes,,,,,,,,,,,,,,,,,,,,,,,,,,,,,,,,,,,,,,,,,,,
131,,,,,,,,,,,,,,,,,,,,,Knoblochsaue 11.07.2022 Hyd2,,,,,,,,,,,,,889.0,4,0.0985,0.0285,-0.122,0.0156829910205696,0.0027681344145569,0.6275,23.248,Schwindt/Baich,,Yes,,,,,,,,,,,,,,,,,,,,,,,,,,,,,,,,,,,,,,,,,,,
132,,,,,,,,,,,,,,,,,,,,,Knoblochsaue 11.07.2022 Hyd3,,,,,,,,,,,,,890.0,30,0.192,0.088,-0.36,0.0051274435126582,0.0006446625791139,0.6275,23.224,Schwindt/Baich,,Yes,,,,,,,,,,,,,,,,,,,,,,,,,,,,,,,,,,,,,,,,,,,
133,,,,,,,,,,,,,,,,,,,,,Knoblochsaue 11.07.2022 Hyd4,,,,,,,,,,,,,891.0,31,0.31,0.034,-0.145,0.0055619580696202,0.0011248303006329,0.6275,23.145,Schwindt/Baich,,Yes,,,,,,,,,,,,,,,,,,,,,,,,,,,,,,,,,,,,,,,,,,,
134,,,,,,,,,,,,,,,,,,,,,Knoblochsaue 11.07.2022 Hyd5,,,,,,,,,,,,,892.0,32,0.455,0.093,-0.404,0.0169247795094936,0.0024521283227848,0.6275,23.195,Schwindt/Baich,,Yes,,,,,,,,,,,,,,,,,,,,,,,,,,,,,,,,,,,,,,,,,,,
135,,,,,,,,,,,,,,,,,,,,,Knoblochsaue 11.07.2022 Hyd6,,,,,,,,,,,,,893.0,33,0.493,0.033,-0.141,0.0121960435917721,0.0033336575158227,0.6275,23.176,Schwindt/Baich,,Yes,,,,,,,,,,,,,,,,,,,,,,,,,,,,,,,,,,,,,,,,,,,
136,,,,,,,,,,,,,,,,,,,,,Knoblochsaue 11.07.2022 Hyd7,,,,,,,,,,,,,894.0,34,0.358,0.041,-0.152,0.0389587230221519,0.0050638128955696,0.6275,23.213,Schwindt/Baich,,Yes,,,,,,,,,,,,,,,,,,,,,,,,,,,,,,,,,,,,,,,,,,,
137,,,,,,,,,,,,,,,,,,,,,Knoblochsaue 11.07.2022 Hyd8,,,,,,,,,,,,,895.0,35,0.297,0.051,-0.215,0.0063821600474683,0.001078420806962,0.6275,23.249,Schwindt/Baich,,Yes,,,,,,,,,,,,,,,,,,,,,,,,,,,,,,,,,,,,,,,,,,,
138,,,,,,,,,,,,,,,,,,,,,Knoblochsaue 11.07.2022 Hyd9,,,,,,,,,,,,,896.0,36,0.355,-0.027,0.082,0.0122264263449367,0.0018470181962025,0.6275,23.244,Schwindt/Baich,,Yes,,,,,,,,,,,,,,,,,,,,,,,,,,,,,,,,,,,,,,,,,,,
139,,,,,,,,,,,,,,,,,,,,,Knoblochsaue 11.07.2022 Hyd10,,,,,,,,,,,,,897.0,37,0.079,-0.007,0.025,0.0034685850474683,0.0004107445411392,0.6275,23.321,Schwindt/Baich,,Yes,,,,,,,,,,,,,,,,,,,,,,,,,,,,,,,,,,,,,,,,,,,
140,,,,,,,,,,,,,,,,,,,,,Knoblochsaue 11.07.2022 Hyd11,,,,,,,,,,,,,898.0,38,0.181,-0.001,-0.03,0.0285225514240506,0.0055802040348101,0.6275,23.285,Schwindt/Baich,,Yes,,,,,,,,,,,,,,,,,,,,,,,,,,,,,,,,,,,,,,,,,,,
141,,,,,,,,,,,,,,,,,,,,,Knoblochsaue 11.07.2022 Hyd12,,,,,,,,,,,,,899.0,39,0.63,-0.069,0.208,0.0354955034018987,0.0078825416930379,0.6275,23.249,Schwindt/Baich,,Yes,,,,,,,,,,,,,,,,,,,,,,,,,,,,,,,,,,,,,,,,,,,
142,,,,,,,,,,,,,,,,,,,,,Knoblochsaue 11.07.2022 Hyd13,,,,,,,,,,,,,900.0,40,0.124,-0.021,0.073,0.0245442621835443,0.0033246704905063,0.6275,23.293,Schwindt/Baich,,Yes,,,,,,,,,,,,,,,,,,,,,,,,,,,,,,,,,,,,,,,,,,,
143,,,,,,,,,,,,,,,,,,,,,Knoblochsaue 11.07.2022 Hyd14,,,,,,,,,,,,,901.0,41,0.42,0.104,-0.445,0.0123554419303797,0.0011325166930379,0.6275,23.274,Schwindt/Baich,,Yes,,,,,,,,,,,,,,,,,,,,,,,,,,,,,,,,,,,,,,,,,,,
144,,,,,,,,,,,,,,,,,,,,,Knoblochsaue 11.07.2022 Hyd15,,,,,,,,,,,,,902.0,42,0.349,0.021,-0.106,0.0091346048259493,0.0014954719936708,0.6275,23.312,Schwindt/Baich,,Yes,,,,,,,,,,,,,,,,,,,,,,,,,,,,,,,,,,,,,,,,,,,
145,,,,,,,,,,,,,,,,,,,,,Knoblochsaue 11.07.2022 Hyd16,,,,,,,,,,,,,903.0,43,0.471,-0.052,0.192,0.0387390248417721,0.0053629871835443,0.6275,23.333,Schwindt/Baich,,Yes,,,,,,,,,,,,,,,,,,,,,,,,,,,,,,,,,,,,,,,,,,,
146,,,,,,,,,,,,,,,,,,,,,Knoblochsaue 11.07.2022 Hyd17,,,,,,,,,,,,,904.0,44,0.625,-0.304,1.168,0.0268856670094936,0.0025183518196202,0.6275,23.311,Schwindt/Baich,,Yes,,,,,,,,,,,,,,,,,,,,,,,,,,,,,,,,,,,,,,,,,,,
147,,,,,,,,,,,,,,,,,,,,,Knoblochsaue 11.07.2022 Hyd18,,,,,,,,,,,,,905.0,45,0.547,0.121,-0.483,0.022690191613924,0.0023849834651898,0.6275,23.344,Schwindt/Baich,,Yes,,,,,,,,,,,,,,,,,,,,,,,,,,,,,,,,,,,,,,,,,,,
148,,,,,,,,,,,,,,,,,,,,,Knoblochsaue 11.07.2022 Hyd19,,,,,,,,,,,,,906.0,46,0.429,0.118,-0.475,0.0127093356012658,0.0043078295886075,0.6275,23.342,Schwindt/Baich,,Yes,,,,,,,,,,,,,,,,,,,,,,,,,,,,,,,,,,,,,,,,,,,
149,,,,,,,,,,,,,,,,,,,,,Knoblochsaue 11.07.2022 Hyd20,,,,,,,,,,,,,907.0,47,0.091,0.0,0.0,0.0038623011867088,0.0002817809335443,0.6275,23.392,Schwindt/Baich,,Yes,,,,,,,,,,,,,,,,,,,,,,,,,,,,,,,,,,,,,,,,,,,
150,,,,,,,,,,,,,,,,,,,,,Knoblochsaue 11.07.2022 Hyd21,,,,,,,,,,,,,908.0,48,0.175,0.032,-0.131,0.0012425409018987,0.000408459335443,0.6275,23.383,Schwindt/Baich,,Yes,,,,,,,,,,,,,,,,,,,,,,,,,,,,,,,,,,,,,,,,,,,
151,,,,,,,,,,,,,,,,,,,,,Knoblochsaue 11.07.2022 Hyd22,,,,,,,,,,,,,909.0,49,0.083,0.017,-0.066,0.0064649157436708,0.0006004375791139,0.6275,23.466,Schwindt/Baich,,Yes,,,,,,,,,,,,,,,,,,,,,,,,,,,,,,,,,,,,,,,,,,,
152,,,,,,,,,,,,,,,,,,,,,Knoblochsaue 11.07.2022 Hyd23,,,,,,,,,,,,,910.0,50,-0.094,-0.019,0.082,0.0047339827531645,0.0009194333860759,0.6275,23.429,Schwindt/Baich,,Yes,,,,,,,,,,,,,,,,,,,,,,,,,,,,,,,,,,,,,,,,,,,
153,,,,,,,,,,,,,,,,,,,,,Knoblochsaue 11.07.2022 Hyd24,,,,,,,,,,,,,911.0,51,-0.098,-0.009,0.039,0.0030503049050632,0.0002360739715189,0.6275,23.429,Schwindt/Baich,,Yes,,,,,,,,,,,,,,,,,,,,,,,,,,,,,,,,,,,,,,,,,,,
154,,,,,,,,,,,,,,,,,,,,,Knoblochsaue 11.07.2022 Hyd25,,,,,,,,,,,,,912.0,52,0.261,0.032,-0.143,0.0422294417721519,0.0047469430379746,0.6275,23.466,Schwindt/Baich,,Yes,,,,,,,,,,,,,,,,,,,,,,,,,,,,,,,,,,,,,,,,,,,
155,,,,,,,,,,,,,,,,,,,,,Knoblochsaue 11.07.2022 Hyd26,,,,,,,,,,,,,913.0,53,0.307,0.003,-0.045,0.0097150776107594,0.0013659928797468,0.6275,23.402,Schwindt/Baich,,Yes,,,,,,,,,,,,,,,,,,,,,,,,,,,,,,,,,,,,,,,,,,,
156,,,,,,,,,,,,,,,,,,,,,Knoblochsaue 11.07.2022 Hyd27,,,,,,,,,,,,,914.0,54,0.062,0.001,-0.011,0.0141121701740506,0.0013268525316455,0.6275,23.577,Schwindt/Baich,,Yes,,,,,,,,,,,,,,,,,,,,,,,,,,,,,,,,,,,,,,,,,,,
157,,,,,,,,,,,,,,,,,,,,,Knoblochsaue 11.07.2022 Hyd28,,,,,,,,,,,,,915.0,55,0.049,-0.006,0.017,0.0095380902689873,0.0006893295886075,0.6275,23.625,Schwindt/Baich,,Yes,,,,,,,,,,,,,,,,,,,,,,,,,,,,,,,,,,,,,,,,,,,
158,,,,,,,,,,,,,,,,,,,,,Knoblochsaue 11.07.2022 Hyd29,,,,,,,,,,,,,916.0,56,0.041,-0.001,0.006,0.0035985892405063,0.0003236553797468,0.6275,23.708,Schwindt/Baich,,Yes,,,,,,,,,,,,,,,,,,,,,,,,,,,,,,,,,,,,,,,,,,,
159,,,,,,,,,,,,,,,,,,,,,Knoblochsaue 11.07.2022 Hyd30,,,,,,,,,,,,,917.0,57,0.133,-0.019,0.059,0.0024731159810126,0.0002298631329113,0.6275,23.446,Schwindt/Baich,,Yes,,,,,,,,,,,,,,,,,,,,,,,,,,,,,,,,,,,,,,,,,,,
160,,,,,,,,,,,,,,,,,,,,,Knoblochsaue 11.07.2022 Hyd31,,,,,,,,,,,,,918.0,58,0.108,0.034,-0.147,0.0049881337025316,0.0010716732594936,0.6275,23.544,Schwindt/Baich,,Yes,,,,,,,,,,,,,,,,,,,,,,,,,,,,,,,,,,,,,,,,,,,
161,,,,,,,,,,,,,,,,,,,,,Knoblochsaue 11.07.2022 Hyd32,,,,,,,,,,,,,919.0,59,0.134,0.015,-0.068,0.0013860628955696,0.0002062733386075,0.6275,23.538,Schwindt/Baich,,Yes,,,,,,,,,,,,,,,,,,,,,,,,,,,,,,,,,,,,,,,,,,,
162,,,,,,,,,,,,,,,,,,,,,Knoblochsaue 11.07.2022 Hyd33,,,,,,,,,,,,,920.0,60,0.09,0.012,-0.054,0.004066053085443,0.0004723429588607,0.6275,23.588,Schwindt/Baich,,Yes,,,,,,,,,,,,,,,,,,,,,,,,,,,,,,,,,,,,,,,,,,,
163,,,,,,,,,,,,,,,,,,,,,Knoblochsaue 12.07.2022 Hyd1,,,,,,,,,,,,,921.0,2,0.143,0.089,-0.353,0.0015346159810126,0.0002502844145569,0.6275,23.14,Schwindt/Baich,,Yes,,,,,,,,,,,,,,,,,,,,,,,,,,,,,,,,,,,,,,,,,,,
164,,,,,,,,,,,,,,,,,,,,,Knoblochsaue 12.07.2022 Hyd2,,,,,,,,,,,,,922.0,3,0.309,0.068,-0.274,0.0168160985759493,0.0031028018196202,0.6275,22.992,Schwindt/Baich,,Yes,,,,,,,,,,,,,,,,,,,,,,,,,,,,,,,,,,,,,,,,,,,
165,,,,,,,,,,,,,,,,,,,,,Knoblochsaue 12.07.2022 Hyd3,,,,,,,,,,,,,923.0,4,0.488,0.085,-0.365,0.0092048446202531,0.0027356170886075,0.6275,22.96,Schwindt/Baich,,Yes,,,,,,,,,,,,,,,,,,,,,,,,,,,,,,,,,,,,,,,,,,,
166,,,,,,,,,,,,,,,,,,,,,Knoblochsaue 12.07.2022 Hyd4,,,,,,,,,,,,,924.0,5,0.464,0.038,-0.181,0.0141716402689873,0.002371738449367,0.6275,22.96,Schwindt/Baich,,Yes,,,,,,,,,,,,,,,,,,,,,,,,,,,,,,,,,,,,,,,,,,,
167,,,,,,,,,,,,,,,,,,,,,Knoblochsaue 12.07.2022 Hyd5,,,,,,,,,,,,,925.0,6,0.555,0.114,-0.473,0.023110414556962,0.0034826297468354,0.6275,22.96,Schwindt/Baich,,Yes,,,,,,,,,,,,,,,,,,,,,,,,,,,,,,,,,,,,,,,,,,,
168,,,,,,,,,,,,,,,,,,,,,Knoblochsaue 12.07.2022 Hyd6,,,,,,,,,,,,,926.0,7,0.494,0.088,-0.385,0.0362538271360759,0.0057333727056962,0.6275,22.996,Schwindt/Baich,,Yes,,,,,,,,,,,,,,,,,,,,,,,,,,,,,,,,,,,,,,,,,,,
169,,,,,,,,,,,,,,,,,,,,,Knoblochsaue 12.07.2022 Hyd7,,,,,,,,,,,,,927.0,8,0.416,0.109,-0.4605,0.0288850896756329,0.0036718259098101,0.6275,22.996,Schwindt/Baich,,Yes,,,,,,,,,,,,,,,,,,,,,,,,,,,,,,,,,,,,,,,,,,,
170,,,,,,,,,,,,,,,,,,,,,Knoblochsaue 12.07.2022 Hyd8,,,,,,,,,,,,,928.0,9,0.384,0.188,-0.7564,0.0630030176265822,0.0072133240031645,0.6275,23.0128,Schwindt/Baich,,Yes,,,,,,,,,,,,,,,,,,,,,,,,,,,,,,,,,,,,,,,,,,,
171,,,,,,,,,,,,,,,,,,,,,Knoblochsaue 12.07.2022 Hyd9,,,,,,,,,,,,,929.0,10,0.563666666666666,0.065,-0.275333333333333,0.0200779875791139,0.0039943525843881,0.6275,23.0576666666666,Schwindt/Baich,,Yes,,,,,,,,,,,,,,,,,,,,,,,,,,,,,,,,,,,,,,,,,,,
172,,,,,,,,,,,,,,,,,,,,,Knoblochsaue 12.07.2022 Hyd10,,,,,,,,,,,,,930.0,23,0.5058,-0.0306,0.0978,0.0133868259335443,0.0022574189715189,0.6275,23.1354,Schwindt/Baich,,Yes,,,,,,,,,,,,,,,,,,,,,,,,,,,,,,,,,,,,,,,,,,,
173,,,,,,,,,,,,,,,,,,,,,Knoblochsaue 12.07.2022 Hyd11,,,,,,,,,,,,,931.0,39,0.304,0.038,-0.167,0.0091762583860759,0.0016520787183544,0.6275,23.213,Schwindt/Baich,,Yes,,,,,,,,,,,,,,,,,,,,,,,,,,,,,,,,,,,,,,,,,,,
174,,,,,,,,,,,,,,,,,,,,,Knoblochsaue 12.07.2022 Hyd12,,,,,,,,,,,,,932.0,40,0.165,0.024,-0.102,0.0042998876582278,0.0005638702531645,0.6275,23.502,Schwindt/Baich,,Yes,,,,,,,,,,,,,,,,,,,,,,,,,,,,,,,,,,,,,,,,,,,
175,,,,,,,,,,,,,,,,,,,,,Knoblochsaue 12.07.2022 Hyd13,,,,,,,,,,,,,933.0,41,0.164,0.055,-0.219,0.0056525781645569,0.0007555050632911,0.6275,23.577,Schwindt/Baich,,Yes,,,,,,,,,,,,,,,,,,,,,,,,,,,,,,,,,,,,,,,,,,,
176,,,,,,,,,,,,,,,,,,,,,Knoblochsaue 12.07.2022 Hyd14,,,,,,,,,,,,,934.0,42,0.3,0.076,-0.312,0.0041340047468354,0.0006864553797468,0.6275,23.285,Schwindt/Baich,,Yes,,,,,,,,,,,,,,,,,,,,,,,,,,,,,,,,,,,,,,,,,,,
177,,,,,,,,,,,,,,,,,,,,,Knoblochsaue 12.07.2022 Hyd15,,,,,,,,,,,,,935.0,43,0.394,0.07,-0.291,0.0079256284810126,0.0014801629746835,0.6275,23.249,Schwindt/Baich,,Yes,,,,,,,,,,,,,,,,,,,,,,,,,,,,,,,,,,,,,,,,,,,
178,,,,,,,,,,,,,,,,,,,,,Knoblochsaue 12.07.2022 Hyd16,,,,,,,,,,,,,936.0,44,0.515,0.008,-0.057,0.0136949670094936,0.0023133116297468,0.6275,23.241,Schwindt/Baich,,Yes,,,,,,,,,,,,,,,,,,,,,,,,,,,,,,,,,,,,,,,,,,,
179,,,,,,,,,,,,,,,,,,,,,Knoblochsaue 12.07.2022 Hyd17,,,,,,,,,,,,,937.0,45,0.507,0.098,-0.422,0.0171710410601265,0.0035952337816455,0.6275,23.249,Schwindt/Baich,,Yes,,,,,,,,,,,,,,,,,,,,,,,,,,,,,,,,,,,,,,,,,,,
180,,,,,,,,,,,,,,,,,,,,,Knoblochsaue 12.07.2022 Hyd18,,,,,,,,,,,,,938.0,46,0.428,0.105,-0.449,0.0235385420094936,0.0038602622626582,0.6275,23.249,Schwindt/Baich,,Yes,,,,,,,,,,,,,,,,,,,,,,,,,,,,,,,,,,,,,,,,,,,
181,,,,,,,,,,,,,,,,,,,,,Knoblochsaue 12.07.2022 Hyd19,,,,,,,,,,,,,939.0,47,0.454,0.08,-0.336,0.0132583575949367,0.0014524490506329,0.6275,23.269,Schwindt/Baich,,Yes,,,,,,,,,,,,,,,,,,,,,,,,,,,,,,,,,,,,,,,,,,,
182,,,,,,,,,,,,,,,,,,,,,Knoblochsaue 12.07.2022 Hyd20,,,,,,,,,,,,,940.0,48,0.457,0.168,-0.676,0.0222877976265822,0.0023362755537974,0.6275,23.285,Schwindt/Baich,,Yes,,,,,,,,,,,,,,,,,,,,,,,,,,,,,,,,,,,,,,,,,,,
183,,,,,,,,,,,,,,,,,,,,,Knoblochsaue 12.07.2022 Hyd21,,,,,,,,,,,,,941.0,49,0.453,0.145,-0.587,0.0150156640822784,0.0028924160601265,0.6275,23.316,Schwindt/Baich,,Yes,,,,,,,,,,,,,,,,,,,,,,,,,,,,,,,,,,,,,,,,,,,
184,,,,,,,,,,,,,,,,,,,,,Knoblochsaue 12.07.2022 Hyd22,,,,,,,,,,,,,942.0,50,0.264,0.084,-0.342,0.006078469778481,0.0008053850474683,0.6275,23.337,Schwindt/Baich,,Yes,,,,,,,,,,,,,,,,,,,,,,,,,,,,,,,,,,,,,,,,,,,
185,,,,,,,,,,,,,,,,,,,,,Knoblochsaue 12.07.2022 Hyd23,,,,,,,,,,,,,943.0,51,0.138,0.002,-0.018,0.0041977991297468,0.000760391613924,0.6275,23.608,Schwindt/Baich,,Yes,,,,,,,,,,,,,,,,,,,,,,,,,,,,,,,,,,,,,,,,,,,
186,,,,,,,,,,,,,,,,,,,,,Knoblochsaue 13.07.2022 Hyd1,,,,,,,,,,,,,944.0,11,0.199,0.04,-0.173,0.0199828733386076,0.003355445806962,0.6275,24.633,Schwindt/Baich,,Yes,,,,,,,,,,,,,,,,,,,,,,,,,,,,,,,,,,,,,,,,,,,
187,,,,,,,,,,,,,,,,,,,,,Knoblochsaue 13.07.2022 Hyd2,,,,,,,,,,,,,945.0,15,0.019,-0.003,0.01,0.0001011015031645,2.14761867088607e-05,0.6275,24.009,Schwindt/Baich,,Yes,,,,,,,,,,,,,,,,,,,,,,,,,,,,,,,,,,,,,,,,,,,
188,,,,,,,,,,,,,,,,,,,,,Knoblochsaue 13.07.2022 Hyd3,,,,,,,,,,,,,946.0,16,0.174,0.004,-0.03,0.0024485647151898,0.000356078085443,0.6275,23.818,Schwindt/Baich,,Yes,,,,,,,,,,,,,,,,,,,,,,,,,,,,,,,,,,,,,,,,,,,
189,,,,,,,,,,,,,,,,,,,,,Knoblochsaue 13.07.2022 Hyd4,,,,,,,,,,,,,947.0,17,0.246,-0.005,0.004,0.0021908299050632,0.0004165122626582,0.6275,23.742,Schwindt/Baich,,Yes,,,,,,,,,,,,,,,,,,,,,,,,,,,,,,,,,,,,,,,,,,,
190,,,,,,,,,,,,,,,,,,,,,Knoblochsaue 13.07.2022 Hyd5,,,,,,,,,,,,,948.0,18,0.212,0.082,-0.331,0.0015636618670886,0.0001880138449367,0.6275,23.755,Schwindt/Baich,,Yes,,,,,,,,,,,,,,,,,,,,,,,,,,,,,,,,,,,,,,,,,,,
191,,,,,,,,,,,,,,,,,,,,,Knoblochsaue 13.07.2022 Hyd6,,,,,,,,,,,,,949.0,19,0.238,0.019,-0.085,0.0017753872626582,0.0002389723892405,0.6275,23.755,Schwindt/Baich,,Yes,,,,,,,,,,,,,,,,,,,,,,,,,,,,,,,,,,,,,,,,,,,
192,,,,,,,,,,,,,,,,,,,,,Knoblochsaue 13.07.2022 Hyd7,,,,,,,,,,,,,950.0,20,0.249,0.028,-0.126,0.0047405898734177,0.0010242215189873,0.6275,23.751,Schwindt/Baich,,Yes,,,,,,,,,,,,,,,,,,,,,,,,,,,,,,,,,,,,,,,,,,,
193,,,,,,,,,,,,,,,,,,,,,Knoblochsaue 13.07.2022 Hyd8,,,,,,,,,,,,,951.0,21,0.189285714285714,0.0278571428571428,-0.118285714285714,0.0058172622965641,0.0008485675067811,0.6275,23.8385714285714,Schwindt/Baich,,Yes,,,,,,,,,,,,,,,,,,,,,,,,,,,,,,,,,,,,,,,,,,,
194,,,,,,,,,,,,,,,,,,,,,Knoblochsaue 13.07.2022 Hyd9,,,,,,,,,,,,,952.0,46,0.152,0.06,-0.2465,0.0100893741297468,0.0011355678401898,0.6275,23.9365,Schwindt/Baich,,Yes,,,,,,,,,,,,,,,,,,,,,,,,,,,,,,,,,,,,,,,,,,,
195,,,,,,,,,,,,,,,,,,,,,Knoblochsaue 13.07.2022 Hyd10,,,,,,,,,,,,,953.0,55,0.051,0.005,-0.024,0.0062069195411392,0.000635675949367,0.6275,24.481,Schwindt/Baich,,Yes,,,,,,,,,,,,,,,,,,,,,,,,,,,,,,,,,,,,,,,,,,,
196,,,,,,,,,,,,,,,,,,,,,Knoblochsaue 13.07.2022 Hyd11,,,,,,,,,,,,,954.0,60,0.0655,0.04625,-0.1825,0.0239152006724683,0.0035644193433544,0.6275,24.33825,Schwindt/Baich,,Yes,,,,,,,,,,,,,,,,,,,,,,,,,,,,,,,,,,,,,,,,,,,
197,,,,,,,,,,,,,,,,,,,,,Knoblochsaue 13.07.2022 Hyd12,,,,,,,,,,,,,955.0,61,0.221,0.029,-0.133,0.0172250087816455,0.0034900454905063,0.6275,24.3,Schwindt/Baich,,Yes,,,,,,,,,,,,,,,,,,,,,,,,,,,,,,,,,,,,,,,,,,,
198,,,,,,,,,,,,,,,,,,,,,Knoblochsaue 13.07.2022 Hyd13,,,,,,,,,,,,,956.0,62,0.224,0.111,-0.444,0.0103488308544303,0.0012308191851265,0.6275,24.196,Schwindt/Baich,,Yes,,,,,,,,,,,,,,,,,,,,,,,,,,,,,,,,,,,,,,,,,,,
199,,,,,,,,,,,,,,,,,,,,,Knoblochsaue 13.07.2022 Hyd14,,,,,,,,,,,,,957.0,63,0.053,-0.002,0.007,0.0020161328322784,0.0001542344145569,0.6275,24.454,Schwindt/Baich,,Yes,,,,,,,,,,,,,,,,,,,,,,,,,,,,,,,,,,,,,,,,,,,
200,,,,,,,,,,,,,,,,,,,,,Knoblochsaue 13.07.2022 Hyd15,,,,,,,,,,,,,958.0,64,0.032,-0.011,0.038,0.001288106170886,0.0001117935917721,0.6275,24.826,Schwindt/Baich,,Yes,,,,,,,,,,,,,,,,,,,,,,,,,,,,,,,,,,,,,,,,,,,
201,,,,,,,,,,,,,,,,,,,,,Knoblochsaue 13.07.2022 Hyd16,,,,,,,,,,,,,959.0,65,0.085,0.003,-0.017,0.0038518116297468,0.0003162863132911,0.6275,25.128,Schwindt/Baich,,Yes,,,,,,,,,,,,,,,,,,,,,,,,,,,,,,,,,,,,,,,,,,,
202,,,,,,,,,,,,,,,,,,,,,Knoblochsaue 13.07.2022 Hyd17,,,,,,,,,,,,,960.0,66,0.093,0.016,-0.075,0.0012671897151898,0.0001225504746835,0.6275,25.076,Schwindt/Baich,,Yes,,,,,,,,,,,,,,,,,,,,,,,,,,,,,,,,,,,,,,,,,,,
203,,,,,,,,,,,,,,,,,,,,,Knoblochsaue 13.07.2022 Hyd18,,,,,,,,,,,,,961.0,67,0.041,-0.01,0.035,0.0004883792721518,6.5484414556962e-05,0.6275,24.628,Schwindt/Baich,,Yes,,,,,,,,,,,,,,,,,,,,,,,,,,,,,,,,,,,,,,,,,,,
204,,,,,,,,,,,,,,,,,,,,,Knoblochsaue 13.07.2022 Hyd19,,,,,,,,,,,,,962.0,68,0.106,0.007,-0.037,0.0017756143987341,0.0003050308544303,0.6275,24.505,Schwindt/Baich,,Yes,,,,,,,,,,,,,,,,,,,,,,,,,,,,,,,,,,,,,,,,,,,
205,,,,,,,,,,,,,,,,,,,,,Knoblochsaue 13.07.2022 Hyd20,,,,,,,,,,,,,963.0,69,0.316,0.062,-0.263,0.0027711169303797,0.0004635422468354,0.6275,24.368,Schwindt/Baich,,Yes,,,,,,,,,,,,,,,,,,,,,,,,,,,,,,,,,,,,,,,,,,,
206,,,,,,,,,,,,,,,,,,,,,Knoblochsaue 13.07.2022 Hyd21,,,,,,,,,,,,,964.0,70,0.28,0.092,-0.372,0.114542440031645,0.0141079306170886,0.6275,24.286,Schwindt/Baich,,Yes,,,,,,,,,,,,,,,,,,,,,,,,,,,,,,,,,,,,,,,,,,,
207,,,,,,,,,,,,,,,,,,,,,Knoblochsaue 13.07.2022 Hyd22,,,,,,,,,,,,,965.0,71,0.349,0.064,-0.279,0.006414967642405,0.0014075578322784,0.6275,24.283,Schwindt/Baich,,Yes,,,,,,,,,,,,,,,,,,,,,,,,,,,,,,,,,,,,,,,,,,,
208,,,,,,,,,,,,,,,,,,,,,Knoblochsaue 13.07.2022 Hyd23,,,,,,,,,,,,,966.0,75,0.182,0.023,-0.105,0.0106736476265822,0.0016164882120253,0.6275,24.409,Schwindt/Baich,,Yes,,,,,,,,,,,,,,,,,,,,,,,,,,,,,,,,,,,,,,,,,,,
209,,,,,,,,,,,,,,,,,,,,,Knoblochsaue 13.07.2022 Hyd24,,,,,,,,,,,,,967.0,76,0.053,0.002,-0.009,0.0015531340189873,0.0001598682753164,0.6275,24.571,Schwindt/Baich,,Yes,,,,,,,,,,,,,,,,,,,,,,,,,,,,,,,,,,,,,,,,,,,
210,,,,,,,,,,,,,,,,,,,,,Knoblochsaue 13.07.2022 Hyd25,,,,,,,,,,,,,968.0,77,0.036,0.005,-0.021,0.0014131378164556,0.0001068276898734,0.6275,24.83,Schwindt/Baich,,Yes,,,,,,,,,,,,,,,,,,,,,,,,,,,,,,,,,,,,,,,,,,,
211,,,,,,,,,,,,,,,,,,,,,Knoblochsaue 13.07.2022 Hyd26,,,,,,,,,,,,,969.0,101,0.084,0.009,-0.037,0.0020021181962025,0.0002498670094936,0.6275,25.939,Schwindt/Baich,,Yes,,,,,,,,,,,,,,,,,,,,,,,,,,,,,,,,,,,,,,,,,,,
212,,,,,,,,,,,,,,,,,,,,,Knoblochsaue 13.07.2022 Hyd27,,,,,,,,,,,,,970.0,102,0.0065,0.0245,-0.0895,0.0328987726265822,0.002507613488924,0.6275,25.1125,Schwindt/Baich,,Yes,,,,,,,,,,,,,,,,,,,,,,,,,,,,,,,,,,,,,,,,,,,
213,,,,,,,,,,,,,,,,,,,,,Knoblochsaue 13.07.2022 Hyd28,,,,,,,,,,,,,971.0,115,0.079,0.04,-0.164,0.0083204362341772,0.0007069306170886,0.6275,24.735,Schwindt/Baich,,Yes,,,,,,,,,,,,,,,,,,,,,,,,,,,,,,,,,,,,,,,,,,,
214,,,,,,,,,,,,,,,,,,,,,Knoblochsaue 13.07.2022 Hyd29,,,,,,,,,,,,,972.0,117,0.271,0.073,-0.305,0.019278107238924,0.0023955726265822,0.6275,24.6315,Schwindt/Baich,,Yes,,,,,,,,,,,,,,,,,,,,,,,,,,,,,,,,,,,,,,,,,,,
215,,,,,,,,,,,,,,,,,,,,,Knoblochsaue 13.07.2022 Hyd30,,,,,,,,,,,,,973.0,118,0.064,-0.002,-0.001,0.0003376526898734,4.34698575949367e-05,0.6275,24.871,Schwindt/Baich,,Yes,,,,,,,,,,,,,,,,,,,,,,,,,,,,,,,,,,,,,,,,,,,
216,,,,,,,,,,,,,,,,,,,,,Knoblochsaue 13.07.2022 Hyd31,,,,,,,,,,,,,974.0,119,0.036,0.008,-0.035,0.0006549199367088,7.6457911392405e-05,0.6275,25.414,Schwindt/Baich,,Yes,,,,,,,,,,,,,,,,,,,,,,,,,,,,,,,,,,,,,,,,,,,
217,,,,,,,,,,,,,,,,,,,,,Knoblochsaue 13.07.2022 Hyd32,,,,,,,,,,,,,975.0,122,0.03,0.01,-0.042,0.0013666795886075,0.0001281555379746,0.6275,26.407,Schwindt/Baich,,Yes,,,,,,,,,,,,,,,,,,,,,,,,,,,,,,,,,,,,,,,,,,,
218,,,,,,,,,,,,,,,,,,,,,Knoblochsaue 13.07.2022 Hyd33,,,,,,,,,,,,,976.0,123,0.022,-0.005,0.012,0.0006126894778481,5.41654272151898e-05,0.6275,25.359,Schwindt/Baich,,Yes,,,,,,,,,,,,,,,,,,,,,,,,,,,,,,,,,,,,,,,,,,,
219,,,,,,,,,,,,,,,,,,,,,Knoblochsaue 13.07.2022 Hyd34,,,,,,,,,,,,,977.0,124,0.054,0.005,-0.026,0.0005826303006329,8.54474683544303e-05,0.6275,24.891,Schwindt/Baich,,Yes,,,,,,,,,,,,,,,,,,,,,,,,,,,,,,,,,,,,,,,,,,,
220,,,,,,,,,,,,,,,,,,,,,Knoblochsaue 13.07.2022 Hyd35,,,,,,,,,,,,,978.0,125,0.126,0.047,-0.198,0.0031785558544303,0.0002925863132911,0.6275,24.748,Schwindt/Baich,,Yes,,,,,,,,,,,,,,,,,,,,,,,,,,,,,,,,,,,,,,,,,,,
221,,,,,,,,,,,,,,,,,,,,,Knoblochsaue 13.07.2022 Hyd36,,,,,,,,,,,,,979.0,126,0.126333333333333,0.0056666666666666,-0.0276666666666666,0.0537670234440928,0.0044508028217299,0.6275,24.76,Schwindt/Baich,,Yes,,,,,,,,,,,,,,,,,,,,,,,,,,,,,,,,,,,,,,,,,,,
222,,,,,,,,,,,,,,,,,,,,,Knoblochsaue 13.07.2022 Hyd37,,,,,,,,,,,,,980.0,145,0.024,0.03,-0.118,0.0013690105221518,0.0001612131329113,0.6275,25.399,Schwindt/Baich,,Yes,,,,,,,,,,,,,,,,,,,,,,,,,,,,,,,,,,,,,,,,,,,
223,,,,,,,,,,,,,,,,,,,,,Knoblochsaue 13.07.2022 Hyd38,,,,,,,,,,,,,981.0,146,0.022,0.008,-0.039,0.0044988567246835,0.0003402625,0.6275,25.743,Schwindt/Baich,,Yes,,,,,,,,,,,,,,,,,,,,,,,,,,,,,,,,,,,,,,,,,,,
224,,,,,,,,,,,,,,,,,,,,,Knoblochsaue 13.07.2022 Hyd39,,,,,,,,,,,,,982.0,147,-0.0095,-0.0015,0.016,0.0518947263053797,0.0048966498813291,0.6275,26.5125,Schwindt/Baich,,Yes,,,,,,,,,,,,,,,,,,,,,,,,,,,,,,,,,,,,,,,,,,,
225,,,,,,,,,,,,,,,,,,,,,Knoblochsaue 14.07.2022 Hyd1,,,,,,,,,,,,,983.0,2,0.091,0.017,-0.07,0.0004754496044303,9.34499208860759e-05,0.6275,23.785,Schwindt/Baich,,Yes,,,,,,,,,,,,,,,,,,,,,,,,,,,,,,,,,,,,,,,,,,,
226,,,,,,,,,,,,,,,,,,,,,Knoblochsaue 14.07.2022 Hyd2,,,,,,,,,,,,,984.0,3,0.211,-0.01,0.034,0.0078839045886075,0.0009017808544303,0.6275,23.828,Schwindt/Baich,,Yes,,,,,,,,,,,,,,,,,,,,,,,,,,,,,,,,,,,,,,,,,,,
227,,,,,,,,,,,,,,,,,,,,,Knoblochsaue 14.07.2022 Hyd3,,,,,,,,,,,,,985.0,4,0.622,0.012,-0.063,0.0244385008702531,0.0041036024525316,0.6275,23.828,Schwindt/Baich,,Yes,,,,,,,,,,,,,,,,,,,,,,,,,,,,,,,,,,,,,,,,,,,
228,,,,,,,,,,,,,,,,,,,,,Knoblochsaue 14.07.2022 Hyd4,,,,,,,,,,,,,986.0,5,0.584,0.065,-0.285,0.0044178060917721,0.0009391422468354,0.6275,23.828,Schwindt/Baich,,Yes,,,,,,,,,,,,,,,,,,,,,,,,,,,,,,,,,,,,,,,,,,,
229,,,,,,,,,,,,,,,,,,,,,Knoblochsaue 14.07.2022 Hyd5,,,,,,,,,,,,,987.0,6,0.616,0.074,-0.322,0.0169745485759493,0.003084644778481,0.6275,23.828,Schwindt/Baich,,Yes,,,,,,,,,,,,,,,,,,,,,,,,,,,,,,,,,,,,,,,,,,,
230,,,,,,,,,,,,,,,,,,,,,Knoblochsaue 14.07.2022 Hyd6,,,,,,,,,,,,,988.0,7,0.246857142857142,-0.0935714285714285,0.349571428571428,0.0557070338494575,0.0058805294981916,0.6275,23.8365714285714,Schwindt/Baich,,Yes,,,,,,,,,,,,,,,,,,,,,,,,,,,,,,,,,,,,,,,,,,,
231,,,,,,,,,,,,,,,,,,,,,Knoblochsaue 14.07.2022 Hyd7,,,,,,,,,,,,,989.0,75,0.0294,-0.0184,0.0688,0.0643287759810126,0.0075087301107594,0.6275,23.8898,Schwindt/Baich,,Yes,,,,,,,,,,,,,,,,,,,,,,,,,,,,,,,,,,,,,,,,,,,
232,,,,,,,,,,,,,,,,,,,,,Knoblochsaue 14.07.2022 Hyd8,,,,,,,,,,,,,990.0,104,0.325999999999999,0.0,-0.004,0.025950360403481,0.0036209756724683,0.6275,23.8915,Schwindt/Baich,,Yes,,,,,,,,,,,,,,,,,,,,,,,,,,,,,,,,,,,,,,,,,,,
233,,,,,,,,,,,,,,,,,,,,,Knoblochsaue 14.07.2022 Hyd9,,,,,,,,,,,,,991.0,105,0.534,0.215,-0.83,0.0058662792721518,0.0011076401107594,0.6275,23.886,Schwindt/Baich,,Yes,,,,,,,,,,,,,,,,,,,,,,,,,,,,,,,,,,,,,,,,,,,
234,,,,,,,,,,,,,,,,,,,,,Knoblochsaue 14.07.2022 Hyd10,,,,,,,,,,,,,992.0,109,0.26,-0.036,0.133,0.0235685742879746,0.0030787325949367,0.6275,23.9,Schwindt/Baich,,Yes,,,,,,,,,,,,,,,,,,,,,,,,,,,,,,,,,,,,,,,,,,,
235,,,,,,,,,,,,,,,,,,,,,Knoblochsaue 14.07.2022 Hyd11,,,,,,,,,,,,,993.0,113,-0.017,-0.03,0.119,0.0025347541930379,0.0005568688291139,0.6275,23.915,Schwindt/Baich,,Yes,,,,,,,,,,,,,,,,,,,,,,,,,,,,,,,,,,,,,,,,,,,
236,,,,,,,,,,,,,,,,,,,,,Knoblochsaue 14.07.2022 Hyd12,,,,,,,,,,,,,994.0,114,0.285,0.012,-0.067,0.0097671276107594,0.0012568333860759,0.6275,23.902,Schwindt/Baich,,Yes,,,,,,,,,,,,,,,,,,,,,,,,,,,,,,,,,,,,,,,,,,,
237,,,,,,,,,,,,,,,,,,,,,Knoblochsaue 14.07.2022 Hyd13,,,,,,,,,,,,,995.0,120,-0.119,-0.019,0.075,0.0054858772151898,0.0005054962025316,0.6275,23.934,Schwindt/Baich,,Yes,,,,,,,,,,,,,,,,,,,,,,,,,,,,,,,,,,,,,,,,,,,
238,,,,,,,,,,,,,,,,,,,,,Knoblochsaue 14.07.2022 Hyd14,,,,,,,,,,,,,996.0,121,0.646,0.147,-0.577,0.0251422116297468,0.0024499157436708,0.6275,23.936,Schwindt/Baich,,Yes,,,,,,,,,,,,,,,,,,,,,,,,,,,,,,,,,,,,,,,,,,,
239,,,,,,,,,,,,,,,,,,,,,Knoblochsaue 14.07.2022 Hyd15,,,,,,,,,,,,,997.0,122,0.395333333333333,0.0326666666666666,-0.143,0.215153319857594,0.0287759161919831,0.6275,23.9793333333333,Schwindt/Baich,,Yes,,,,,,,,,,,,,,,,,,,,,,,,,,,,,,,,,,,,,,,,,,,
240,,,,,,,,,,,,,,,,,,,,,Knoblochsaue 14.07.2022 Hyd16,,,,,,,,,,,,,998.0,122,0.395333333333333,0.0326666666666666,-0.143,0.215153319857594,0.0287759161919831,0.6275,23.9793333333333,Schwindt/Baich,,Yes,,,,,,,,,,,,,,,,,,,,,,,,,,,,,,,,,,,,,,,,,,,
241,,,,,,,,,,,,,,,,,,,,,Knoblochsaue 14.07.2022 Hyd17,,,,,,,,,,,,,999.0,129,0.689,0.098,-0.401,0.0026857460443037,0.000355217642405,0.6275,23.973,Schwindt/Baich,,Yes,,,,,,,,,,,,,,,,,,,,,,,,,,,,,,,,,,,,,,,,,,,
242,,,,,,,,,,,,,,,,,,,,,Knoblochsaue 14.07.2022 Hyd18,,,,,,,,,,,,,1000.0,130,0.128,0.006,-0.03,0.0125859021360759,0.0014919060126582,0.6275,24.299,Schwindt/Baich,,Yes,,,,,,,,,,,,,,,,,,,,,,,,,,,,,,,,,,,,,,,,,,,
243,,,,,,,,,,,,,,,,,,,,,Knoblochsaue 14.07.2022 Hyd19,,,,,,,,,,,,,1001.0,150,0.307,-0.0155,0.0465,0.0136268289556962,0.002181721875,0.6275,24.0585,Schwindt/Baich,,Yes,,,,,,,,,,,,,,,,,,,,,,,,,,,,,,,,,,,,,,,,,,,
244,,,,,,,,,,,,,,,,,,,,,Knoblochsaue 14.07.2022 Hyd20,,,,,,,,,,,,,1002.0,180,0.320999999999999,0.0234999999999999,-0.104,0.0248625245648734,0.0027742551028481,0.6275,24.081,Schwindt/Baich,,Yes,,,,,,,,,,,,,,,,,,,,,,,,,,,,,,,,,,,,,,,,,,,
245,,,,,,,,,,,,,,,,,,,,,Knoblochsaue 14.07.2022 Hyd21,,,,,,,,,,,,,1003.0,210,0.418,0.0715,-0.292,0.0260413215585443,0.0052273628560126,0.6275,24.081,Schwindt/Baich,,Yes,,,,,,,,,,,,,,,,,,,,,,,,,,,,,,,,,,,,,,,,,,,
246,,,,,,,,,,,,,,,,,,,,,Knoblochsaue 14.07.2022 Hyd22,,,,,,,,,,,,,1004.0,211,0.21,0.0,-0.011,0.0187924451740506,0.0015863731012658,0.6275,24.154,Schwindt/Baich,,Yes,,,,,,,,,,,,,,,,,,,,,,,,,,,,,,,,,,,,,,,,,,,
247,,,,,,,,,,,,,,,,,,,,,Rastatter Rheinaue 26.07.2022 Hyd1,,,,,,,,,,,,,1005.0,1,0.025,0.006,-0.025,0.002191936,0.000627979,1.8515,25.978,Schwindt,,Yes,,,,,,,,,,,,,,,,,,,,,,,,,,,,,,,,,,,,,,,,,,,
248,,,,,,,,,,,,,,,,,,,,,Rastatter Rheinaue 26.07.2022 Hyd2,,,,,,,,,,,,,1006.0,2,0.195,-0.086,0.327,0.022028266,0.001875355,1.8515,25.969,Schwindt,,Yes,,,,,,,,,,,,,,,,,,,,,,,,,,,,,,,,,,,,,,,,,,,
249,,,,,,,,,,,,,,,,,,,,,Rastatter Rheinaue 26.07.2022 Hyd3,,,,,,,,,,,,,1007.0,3,0.385,-0.031,0.087,0.017158928,0.001617345,1.8515,25.958,Schwindt,,Yes,,,,,,,,,,,,,,,,,,,,,,,,,,,,,,,,,,,,,,,,,,,
250,,,,,,,,,,,,,,,,,,,,,Rastatter Rheinaue 26.07.2022 Hyd4,,,,,,,,,,,,,1008.0,4,0.35,-0.038,0.127,0.047515288,0.005069409,1.8515,25.982,Schwindt,,Yes,,,,,,,,,,,,,,,,,,,,,,,,,,,,,,,,,,,,,,,,,,,
251,,,,,,,,,,,,,,,,,,,,,Rastatter Rheinaue 26.07.2022 Hyd5,,,,,,,,,,,,,1009.0,5,0.445,-0.15,0.563,0.059356734,0.006367633,1.8515,25.978,Schwindt,,Yes,,,,,,,,,,,,,,,,,,,,,,,,,,,,,,,,,,,,,,,,,,,
252,,,,,,,,,,,,,,,,,,,,,Rastatter Rheinaue 26.07.2022 Hyd6,,,,,,,,,,,,,1010.0,6,-0.085,-0.0395,0.148,0.08487493,0.007738165,1.8515,25.968,Schwindt,,Yes,,,,,,,,,,,,,,,,,,,,,,,,,,,,,,,,,,,,,,,,,,,
253,,,,,,,,,,,,,,,,,,,,,Rastatter Rheinaue 26.07.2022 Hyd7,,,,,,,,,,,,,1011.0,7,-0.2905,-0.0435,0.169,0.049889878,0.007516857,1.8515,25.959,Schwindt,,Yes,,,,,,,,,,,,,,,,,,,,,,,,,,,,,,,,,,,,,,,,,,,
254,,,,,,,,,,,,,,,,,,,,,Rastatter Rheinaue 26.07.2022 Hyd8,,,,,,,,,,,,,1012.0,8,-0.153,-0.175,0.655,0.014211602,0.001548686,1.8515,25.978,Schwindt,,Yes,,,,,,,,,,,,,,,,,,,,,,,,,,,,,,,,,,,,,,,,,,,
255,,,,,,,,,,,,,,,,,,,,,Rastatter Rheinaue 26.07.2022 Hyd9,,,,,,,,,,,,,1013.0,9,-0.3205,-0.11,0.419,0.096135744,0.05382816,1.8515,26.012,Schwindt,,Yes,,,,,,,,,,,,,,,,,,,,,,,,,,,,,,,,,,,,,,,,,,,
256,,,,,,,,,,,,,,,,,,,,,Rastatter Rheinaue 26.07.2022 Hyd10,,,,,,,,,,,,,1014.0,10,-0.35,0.013,-0.06,0.034267213,0.006269197,1.8515,26.088,Schwindt,,Yes,,,,,,,,,,,,,,,,,,,,,,,,,,,,,,,,,,,,,,,,,,,
257,,,,,,,,,,,,,,,,,,,,,Rastatter Rheinaue 26.07.2022 Hyd11,,,,,,,,,,,,,1015.0,11,-0.0675,0.1055,-0.421,0.084905278,0.01745737,1.8515,26.149,Schwindt,,Yes,,,,,,,,,,,,,,,,,,,,,,,,,,,,,,,,,,,,,,,,,,,
258,,,,,,,,,,,,,,,,,,,,,Rastatter Rheinaue 26.07.2022 Hyd12,,,,,,,,,,,,,1016.0,12,-0.3065,0.014,-0.07225,0.135983734,0.026965701,1.8515,26.13425,Schwindt,,Yes,,,,,,,,,,,,,,,,,,,,,,,,,,,,,,,,,,,,,,,,,,,
259,,,,,,,,,,,,,,,,,,,,,Rastatter Rheinaue 26.07.2022 Hyd13,,,,,,,,,,,,,1017.0,13,-0.331,0.045,-0.184,0.006709379,0.001084873,1.8515,26.088,Schwindt,,Yes,,,,,,,,,,,,,,,,,,,,,,,,,,,,,,,,,,,,,,,,,,,
260,,,,,,,,,,,,,,,,,,,,,Rastatter Rheinaue 26.07.2022 Hyd14,,,,,,,,,,,,,1018.0,14,-0.275,0.3525,-1.3805,0.031594587,0.003008512,1.8515,26.088,Schwindt,,Yes,,,,,,,,,,,,,,,,,,,,,,,,,,,,,,,,,,,,,,,,,,,
261,,,,,,,,,,,,,,,,,,,,,Rastatter Rheinaue 26.07.2022 Hyd15,,,,,,,,,,,,,1019.0,15,0.021,0.007,-0.03,0.004015237,0.000285713,1.8515,26.047,Schwindt,,Yes,,,,,,,,,,,,,,,,,,,,,,,,,,,,,,,,,,,,,,,,,,,
262,,,,,,,,,,,,,,,,,,,,,Rastatter Rheinaue 26.07.2022 Hyd16,,,,,,,,,,,,,1020.0,16,0.3135,-0.038,0.1205,0.037397601,0.005727501,1.8515,26.0785,Schwindt,,Yes,,,,,,,,,,,,,,,,,,,,,,,,,,,,,,,,,,,,,,,,,,,
263,,,,,,,,,,,,,,,,,,,,,Rastatter Rheinaue 26.07.2022 Hyd17,,,,,,,,,,,,,1021.0,17,0.48,-0.063,0.226,0.030418801,0.003098339,1.8515,26.015,Schwindt,,Yes,,,,,,,,,,,,,,,,,,,,,,,,,,,,,,,,,,,,,,,,,,,
264,,,,,,,,,,,,,,,,,,,,,Rastatter Rheinaue 26.07.2022 Hyd18,,,,,,,,,,,,,1022.0,18,0.0,-0.077,0.308,0.010210521,0.000797083,1.8515,26.051,Schwindt,,Yes,,,,,,,,,,,,,,,,,,,,,,,,,,,,,,,,,,,,,,,,,,,
265,,,,,,,,,,,,,,,,,,,,,Rastatter Rheinaue 26.07.2022 Hyd19,,,,,,,,,,,,,1023.0,19,0.324,-0.182,0.711,0.014891663,0.00218572,1.8515,26.015,Schwindt,,Yes,,,,,,,,,,,,,,,,,,,,,,,,,,,,,,,,,,,,,,,,,,,
266,,,,,,,,,,,,,,,,,,,,,Rastatter Rheinaue 26.07.2022 Hyd20,,,,,,,,,,,,,1024.0,20,-0.203,-0.02,0.092,0.008352931,0.001446461,1.8515,26.041,Schwindt,,Yes,,,,,,,,,,,,,,,,,,,,,,,,,,,,,,,,,,,,,,,,,,,
267,,,,,,,,,,,,,,,,,,,,,Rastatter Rheinaue 26.07.2022 Hyd21,,,,,,,,,,,,,1025.0,21,-0.062,0.027,-0.098,0.00362107,0.000601006,1.8515,26.2,Schwindt,,Yes,,,,,,,,,,,,,,,,,,,,,,,,,,,,,,,,,,,,,,,,,,,
268,,,,,,,,,,,,,,,,,,,,,Rastatter Rheinaue 27.07.2022 Hyd1,,,,,,,,,,,,,1026.0,1,0.103,0.055,-0.218,0.011943723,0.001564887,1.8515,25.026,Schwindt,,Yes,,,,,,,,,,,,,,,,,,,,,,,,,,,,,,,,,,,,,,,,,,,
269,,,,,,,,,,,,,,,,,,,,,Rastatter Rheinaue 27.07.2022 Hyd2,,,,,,,,,,,,,1027.0,2,0.262,0.092,-0.373,0.005903925,0.00071432,1.8515,25.027,Schwindt,,Yes,,,,,,,,,,,,,,,,,,,,,,,,,,,,,,,,,,,,,,,,,,,
270,,,,,,,,,,,,,,,,,,,,,Rastatter Rheinaue 27.07.2022 Hyd3,,,,,,,,,,,,,1028.0,3,-0.22,-0.044333333,0.184666667,0.124399265,0.020510005,1.8515,25.051,Schwindt,,Yes,,,,,,,,,,,,,,,,,,,,,,,,,,,,,,,,,,,,,,,,,,,
271,,,,,,,,,,,,,,,,,,,,,Rastatter Rheinaue 27.07.2022 Hyd4,,,,,,,,,,,,,1029.0,4,0.104,-0.097,0.363,0.014496291,0.002515489,1.8515,25.088,Schwindt,,Yes,,,,,,,,,,,,,,,,,,,,,,,,,,,,,,,,,,,,,,,,,,,
272,,,,,,,,,,,,,,,,,,,,,Rastatter Rheinaue 27.07.2022 Hyd5,,,,,,,,,,,,,1030.0,5,-0.0065,-0.014,0.033,0.03615082,0.002892639,1.8515,25.0585,Schwindt,,Yes,,,,,,,,,,,,,,,,,,,,,,,,,,,,,,,,,,,,,,,,,,,
273,,,,,,,,,,,,,,,,,,,,,Rastatter Rheinaue 27.07.2022 Hyd6,,,,,,,,,,,,,1031.0,6,-0.101,-0.011,0.041,0.006600397,0.000672324,1.8515,25.027,Schwindt,,Yes,,,,,,,,,,,,,,,,,,,,,,,,,,,,,,,,,,,,,,,,,,,
274,,,,,,,,,,,,,,,,,,,,,Rastatter Rheinaue 27.07.2022 Hyd7,,,,,,,,,,,,,1032.0,7,0.004,0.019,-0.07,0.004553273,0.001095952,1.8515,25.031,Schwindt,,Yes,,,,,,,,,,,,,,,,,,,,,,,,,,,,,,,,,,,,,,,,,,,
275,,,,,,,,,,,,,,,,,,,,,Rastatter Rheinaue 27.07.2022 Hyd8,,,,,,,,,,,,,1033.0,8,0.011,0.048,-0.176,0.003957751,0.000431001,1.8515,25.113,Schwindt,,Yes,,,,,,,,,,,,,,,,,,,,,,,,,,,,,,,,,,,,,,,,,,,
276,,,,,,,,,,,,,,,,,,,,,Rastatter Rheinaue 27.07.2022 Hyd9,,,,,,,,,,,,,1034.0,9,-0.012,0.006,-0.034,0.001857764,0.000347429,1.8515,25.136,Schwindt,,Yes,,,,,,,,,,,,,,,,,,,,,,,,,,,,,,,,,,,,,,,,,,,
277,,,,,,,,,,,,,,,,,,,,,Rastatter Rheinaue 27.07.2022 Hyd10,,,,,,,,,,,,,1035.0,10,-0.085,-0.0745,0.28,0.023609045,0.002624342,1.8515,25.118,Schwindt,,Yes,,,,,,,,,,,,,,,,,,,,,,,,,,,,,,,,,,,,,,,,,,,
278,,,,,,,,,,,,,,,,,,,,,Rastatter Rheinaue 27.07.2022 Hyd11,,,,,,,,,,,,,1036.0,11,-0.302,-0.038,0.165,0.059231041,0.00934375,1.8515,25.172,Schwindt,,Yes,,,,,,,,,,,,,,,,,,,,,,,,,,,,,,,,,,,,,,,,,,,
279,,,,,,,,,,,,,,,,,,,,,Rastatter Rheinaue 27.07.2022 Hyd12,,,,,,,,,,,,,1037.0,12,-0.202,-0.1455,0.552,0.088654796,0.006338652,1.8515,25.165,Schwindt,,Yes,,,,,,,,,,,,,,,,,,,,,,,,,,,,,,,,,,,,,,,,,,,
280,,,,,,,,,,,,,,,,,,,,,Rastatter Rheinaue 27.07.2022 Hyd13,,,,,,,,,,,,,1038.0,13,-0.144,0.019,-0.067,0.009666909,0.001953935,1.8515,25.203,Schwindt,,Yes,,,,,,,,,,,,,,,,,,,,,,,,,,,,,,,,,,,,,,,,,,,
281,,,,,,,,,,,,,,,,,,,,,Rastatter Rheinaue 27.07.2022 Hyd14,,,,,,,,,,,,,1039.0,14,0.236,0.049,-0.197,0.005193259,0.000807976,1.8515,25.165,Schwindt,,Yes,,,,,,,,,,,,,,,,,,,,,,,,,,,,,,,,,,,,,,,,,,,
282,,,,,,,,,,,,,,,,,,,,,Rastatter Rheinaue 27.07.2022 Hyd15,,,,,,,,,,,,,1040.0,15,0.134,-0.011,0.03,0.004391825,0.000960943,1.8515,25.185,Schwindt,,Yes,,,,,,,,,,,,,,,,,,,,,,,,,,,,,,,,,,,,,,,,,,,
283,,,,,,,,,,,,,,,,,,,,,Rastatter Rheinaue 27.07.2022 Hyd16,,,,,,,,,,,,,1041.0,16,0.147,0.073,-0.29,0.007076132,0.001220828,1.8515,25.173,Schwindt,,Yes,,,,,,,,,,,,,,,,,,,,,,,,,,,,,,,,,,,,,,,,,,,
284,,,,,,,,,,,,,,,,,,,,,Rastatter Rheinaue 27.07.2022 Hyd17,,,,,,,,,,,,,1042.0,17,0.033,-0.057,0.22,0.004582556,0.000491653,1.8515,25.204,Schwindt,,Yes,,,,,,,,,,,,,,,,,,,,,,,,,,,,,,,,,,,,,,,,,,,
285,,,,,,,,,,,,,,,,,,,,,Rastatter Rheinaue 27.07.2022 Hyd18,,,,,,,,,,,,,1043.0,18,0.265,-0.059,0.212,0.029980296,0.003134944,1.8515,25.173,Schwindt,,Yes,,,,,,,,,,,,,,,,,,,,,,,,,,,,,,,,,,,,,,,,,,,
286,,,,,,,,,,,,,,,,,,,,,Rastatter Rheinaue 27.07.2022 Hyd19,,,,,,,,,,,,,1044.0,19,-0.1935,-0.05,0.1925,0.083269541,0.00645071,1.8515,25.193,Schwindt,,Yes,,,,,,,,,,,,,,,,,,,,,,,,,,,,,,,,,,,,,,,,,,,
287,,,,,,,,,,,,,,,,,,,,,Rastatter Rheinaue 27.07.2022 Hyd20,,,,,,,,,,,,,1045.0,20,-0.191,-0.126,0.487,0.009067922,0.001756669,1.8515,25.206,Schwindt,,Yes,,,,,,,,,,,,,,,,,,,,,,,,,,,,,,,,,,,,,,,,,,,
